gen	best_combined	mean_combined	best_preq	best_gzip	best_id_base	sigma
0	0.115126	0.061214	0.126786	0.912150	0.000145	0.100000
1	0.120413	0.085711	0.132817	0.911438	0.000142	0.099900
2	0.121546	0.093280	0.153187	0.863953	0.000226	0.099800
3	0.121041	0.091949	0.142430	0.885905	0.000202	0.099701
4	0.123759	0.096942	0.141542	0.896362	0.000185	0.099601
5	0.125801	0.093626	0.143083	0.898519	0.000170	0.099502
6	0.125659	0.095732	0.141915	0.901347	0.000189	0.099403
7	0.124432	0.098489	0.140186	0.902344	0.000186	0.099303
8	0.125302	0.096509	0.143322	0.896322	0.000209	0.099204
9	0.126700	0.086385	0.146941	0.891113	0.000187	0.099105
10	0.126917	0.092844	0.142188	0.904663	0.000188	0.099006
11	0.127033	0.089854	0.147262	0.891276	0.000206	0.098908
12	0.128180	0.092864	0.148542	0.891398	0.000169	0.098809
13	0.128126	0.096920	0.144832	0.900981	0.000189	0.098710
14	0.127897	0.097020	0.146725	0.895182	0.000206	0.098612
15	0.128050	0.098683	0.145053	0.900126	0.000196	0.098513
16	0.128135	0.101533	0.146904	0.895426	0.000288	0.098415
17	0.127569	0.104397	0.151514	0.882690	0.000228	0.098317
18	0.128990	0.103487	0.143668	0.907145	0.000185	0.098219
19	0.128689	0.102706	0.139136	0.920980	0.000151	0.098121
20	0.129009	0.102946	0.143764	0.906921	0.000231	0.098023
21	0.130136	0.099593	0.147038	0.901164	0.000235	0.097925
22	0.130236	0.098826	0.151268	0.890564	0.000270	0.097827
23	0.129621	0.096729	0.153558	0.883565	0.000266	0.097730
24	0.128795	0.100636	0.148844	0.892415	0.000211	0.097632
25	0.129484	0.101474	0.147895	0.896871	0.000191	0.097535
26	0.130219	0.102895	0.145390	0.906108	0.000381	0.097437
27	0.132288	0.100672	0.159880	0.876892	0.000258	0.097340
28	0.130899	0.103532	0.151692	0.891398	0.000256	0.097243
29	0.130928	0.101150	0.150743	0.893819	0.000246	0.097146
30	0.133066	0.102831	0.153320	0.893534	0.000255	0.097049
31	0.133013	0.105352	0.154986	0.889404	0.000231	0.096952
32	0.132488	0.101740	0.151790	0.895691	0.000225	0.096855
33	0.132137	0.105197	0.154218	0.888814	0.000237	0.096759
34	0.134346	0.101460	0.153797	0.895996	0.000249	0.096662
35	0.134979	0.099144	0.154504	0.896037	0.000286	0.096566
36	0.138184	0.092876	0.162839	0.885396	0.000388	0.096469
37	0.138093	0.098427	0.164526	0.881632	0.000370	0.096373
38	0.138240	0.095980	0.167126	0.876790	0.000388	0.096277
39	0.138060	0.101025	0.167035	0.876546	0.000406	0.096181
40	0.138967	0.095153	0.162548	0.888021	0.000394	0.096085
41	0.137380	0.091093	0.160720	0.887960	0.000334	0.095989
42	0.138161	0.098704	0.162944	0.885111	0.000415	0.095893
43	0.141419	0.096032	0.166217	0.886312	0.000382	0.095797
44	0.141038	0.094008	0.164925	0.888123	0.000364	0.095702
45	0.144502	0.094157	0.169654	0.886698	0.000361	0.095606
46	0.144726	0.096684	0.163704	0.900716	0.000404	0.095511
47	0.143135	0.095074	0.160536	0.904195	0.000401	0.095415
48	0.144051	0.096802	0.163379	0.899638	0.000792	0.095320
49	0.147583	0.100550	0.164323	0.907288	0.000518	0.095225
50	0.144794	0.096376	0.164491	0.898987	0.000402	0.095130
51	0.145107	0.093597	0.164484	0.899862	0.000399	0.095035
52	0.147559	0.099088	0.165354	0.904561	0.000536	0.094940
53	0.143753	0.090903	0.162049	0.902100	0.000425	0.094846
54	0.144025	0.094128	0.162259	0.902344	0.000417	0.094751
55	0.146863	0.092667	0.164422	0.904948	0.000535	0.094656
56	0.146152	0.091689	0.163784	0.904541	0.000627	0.094562
57	0.153069	0.092044	0.173793	0.899211	0.000580	0.094467
58	0.151864	0.098901	0.170543	0.903666	0.000578	0.094373
59	0.152747	0.090421	0.170894	0.905233	0.000587	0.094279
60	0.152548	0.092991	0.171564	0.903056	0.000544	0.094185
61	0.153537	0.091479	0.173775	0.900472	0.000600	0.094091
62	0.152428	0.088370	0.170892	0.904358	0.000568	0.093997
63	0.165888	0.092060	0.177847	0.925374	0.002465	0.093903
64	0.175081	0.088796	0.191930	0.914266	0.003276	0.093810
65	0.173047	0.093372	0.188564	0.917114	0.002813	0.093716
66	0.171917	0.093527	0.189227	0.912394	0.003147	0.093622
67	0.173717	0.094697	0.188215	0.919922	0.002990	0.093529
68	0.174570	0.093786	0.191528	0.913879	0.003278	0.093436
69	0.186394	0.096808	0.242742	0.854635	0.005221	0.093342
70	0.181729	0.101446	0.242931	0.847616	0.005065	0.093249
71	0.182069	0.101482	0.244831	0.846069	0.005073	0.093156
72	0.185315	0.100420	0.243196	0.852539	0.005281	0.093063
73	0.185156	0.098563	0.229687	0.868693	0.006817	0.092970
74	0.184795	0.096330	0.235724	0.860453	0.006765	0.092877
75	0.191883	0.101136	0.241950	0.863810	0.005345	0.092785
76	0.189993	0.100490	0.207987	0.914917	0.005601	0.092692
77	0.196113	0.106232	0.216140	0.911804	0.049176	0.092600
78	0.225837	0.105242	0.265222	0.886597	0.066408	0.092507
79	0.341396	0.136392	0.433672	0.861654	0.103770	0.092415
80	0.344700	0.209029	0.397817	0.892924	0.093156	0.092323
81	0.457359	0.294098	0.632972	0.838765	0.150030	0.092231
82	0.591268	0.349925	0.824258	0.836975	0.186836	0.092139
83	0.712237	0.463236	0.927484	0.854655	0.181964	0.092047
84	0.785880	0.532324	1.112217	0.833313	0.231229	0.091955
85	0.780523	0.563858	1.071021	0.840902	0.218510	0.091863
86	0.786613	0.565044	1.257469	0.806274	0.261110	0.091771
87	0.819418	0.603993	1.099477	0.846639	0.232794	0.091680
88	0.847192	0.617926	1.125977	0.849141	0.225979	0.091588
89	0.939815	0.646560	1.235952	0.851969	0.246761	0.091497
90	0.933975	0.655773	1.372443	0.824524	0.280506	0.091405
91	1.019613	0.697147	1.534420	0.819173	0.293878	0.091314
92	1.138432	0.701047	1.399230	0.871541	0.241392	0.091223
93	1.145894	0.748424	1.460562	0.860677	0.270569	0.091132
94	1.145127	0.732063	1.403523	0.872416	0.278491	0.091041
95	1.231758	0.765814	1.863798	0.817973	0.313043	0.090950
96	1.254632	0.848591	1.880322	0.820089	0.331239	0.090859
97	1.318415	0.833075	1.837939	0.836975	0.259599	0.090769
98	1.337889	0.831109	1.784040	0.848267	0.309233	0.090678
99	1.485953	0.898343	1.929188	0.855489	0.370224	0.090588
100	1.683458	0.874072	2.484879	0.823507	0.375231	0.090497
101	1.936906	0.897329	2.455946	0.862183	0.367663	0.090407
102	1.967826	0.988253	2.537136	0.857422	0.400144	0.090317
103	2.083744	1.155270	3.043803	0.825887	0.352195	0.090227
104	2.556252	1.192339	3.278959	0.858866	0.425406	0.090137
105	2.559840	1.323462	3.342858	0.853882	0.454041	0.090047
106	2.490319	1.409109	3.177100	0.860413	0.440100	0.089957
107	2.442618	1.377581	3.536439	0.827942	0.462172	0.089867
108	2.425213	1.503283	3.544484	0.825765	0.479888	0.089777
109	2.361579	1.537460	3.179140	0.845785	0.389693	0.089688
110	2.466943	1.534798	3.168041	0.858541	0.396242	0.089598
111	2.548901	1.529212	3.431581	0.845764	0.442477	0.089509
112	2.775649	1.627226	3.516987	0.862386	0.414740	0.089419
113	2.749003	1.649211	3.626974	0.851095	0.421341	0.089330
114	2.840735	1.670758	3.553776	0.866150	0.408716	0.089241
115	2.775697	1.729271	4.009904	0.828451	0.394613	0.089152
116	2.984564	1.784317	3.783554	0.862244	0.397135	0.089063
117	2.937272	1.746499	3.754251	0.859884	0.385554	0.088974
118	2.872079	1.934695	3.860319	0.846191	0.452455	0.088885
119	2.916574	1.789144	3.470656	0.882039	0.322599	0.088797
120	3.346641	1.931193	4.504870	0.845805	0.430972	0.088708
121	3.343985	1.907350	4.527265	0.844320	0.421960	0.088619
122	3.368057	1.914966	4.476381	0.849141	0.420403	0.088531
123	3.386473	1.954756	4.521709	0.847921	0.422672	0.088443
124	3.402409	2.030840	4.500323	0.850423	0.426060	0.088354
125	3.307623	1.981446	4.287303	0.855937	0.406392	0.088266
126	3.332712	1.989916	4.559453	0.841654	0.439052	0.088178
127	3.295733	2.084814	4.367203	0.849935	0.422219	0.088090
128	3.232470	2.030584	4.351527	0.845785	0.432074	0.088002
129	3.512006	2.108269	4.555895	0.855713	0.423012	0.087914
130	3.575138	2.174339	4.900593	0.841166	0.439765	0.087827
131	3.674995	2.194538	4.940279	0.846151	0.438493	0.087739
132	3.559996	2.308071	4.950919	0.837565	0.464219	0.087651
133	3.494630	2.148278	4.869270	0.837097	0.452977	0.087564
134	3.735385	2.269261	4.840344	0.856018	0.460464	0.087477
135	3.581043	2.063070	4.982247	0.837463	0.449452	0.087389
136	3.668381	2.339851	4.832300	0.851522	0.465544	0.087302
137	3.839985	2.379680	4.890997	0.860881	0.403787	0.087215
138	3.687034	2.355872	4.784001	0.855652	0.418205	0.087128
139	3.795374	2.404839	4.922768	0.855754	0.411531	0.087041
140	3.804290	2.286368	4.973515	0.853577	0.425443	0.086954
141	3.785684	2.381287	4.888011	0.857015	0.413781	0.086867
142	3.766852	2.413041	4.864404	0.856974	0.413321	0.086781
143	3.745448	2.486386	4.749797	0.862142	0.437353	0.086694
144	3.813553	2.487222	4.845006	0.861613	0.399515	0.086608
145	3.752395	2.451074	4.822633	0.858317	0.399154	0.086521
146	3.803553	2.520540	4.944270	0.855143	0.414097	0.086435
147	3.812791	2.561351	4.881296	0.859416	0.424197	0.086348
148	3.729298	2.443332	4.976381	0.848083	0.430900	0.086262
149	3.805293	2.509998	4.906555	0.857402	0.402851	0.086176
150	3.780797	2.616233	4.869675	0.857707	0.404083	0.086090
151	3.724711	2.578160	4.771262	0.859253	0.419249	0.086004
152	3.833142	2.600561	4.920739	0.858643	0.406827	0.085918
153	3.803455	2.649746	4.865866	0.859619	0.409416	0.085833
154	3.815705	2.616237	4.591525	0.878316	0.394247	0.085747
155	3.811680	2.602753	5.077293	0.848551	0.454701	0.085661
156	3.894498	2.608592	4.751470	0.873861	0.415633	0.085576
157	3.886559	2.617023	4.574674	0.885803	0.403121	0.085491
158	3.957219	2.622641	4.641193	0.887065	0.395556	0.085405
159	3.849954	2.667413	4.742786	0.870829	0.401762	0.085320
160	3.914737	2.592207	4.815324	0.871297	0.415449	0.085235
161	3.891943	2.588812	4.572793	0.886434	0.394858	0.085150
162	3.914515	2.646160	4.606777	0.885864	0.390346	0.085065
163	3.914221	2.704705	4.732419	0.876770	0.405454	0.084980
164	3.984919	2.643983	4.806470	0.877543	0.403470	0.084895
165	4.008071	2.721131	5.234082	0.853882	0.476957	0.084810
166	4.025110	2.744630	5.215008	0.856059	0.461014	0.084726
167	4.068101	2.774862	5.192953	0.860250	0.454169	0.084641
168	3.994953	2.774623	5.123307	0.858927	0.453724	0.084557
169	3.979277	2.762581	4.705779	0.884176	0.411236	0.084472
170	4.008607	2.710992	5.410800	0.845093	0.445541	0.084388
171	4.043078	2.777102	5.446608	0.845601	0.440294	0.084304
172	4.139757	2.865299	5.102144	0.870687	0.473880	0.084220
173	4.125691	2.762751	5.083136	0.870789	0.459599	0.084136
174	4.189419	2.711180	5.170158	0.870280	0.459911	0.084052
175	4.165801	2.919830	5.121464	0.871460	0.459021	0.083968
176	4.129348	2.833655	5.080970	0.871195	0.468227	0.083884
177	4.106966	2.821982	5.565519	0.844076	0.461487	0.083800
178	4.158890	2.866535	5.141994	0.869710	0.466085	0.083717
179	4.132847	2.764959	5.568851	0.845540	0.454721	0.083633
180	4.177085	2.902506	5.136008	0.871419	0.473922	0.083550
181	4.177382	2.827609	5.162121	0.869873	0.469296	0.083466
182	4.123568	2.928854	5.072860	0.871257	0.449723	0.083383
183	4.186726	2.860265	5.163770	0.870463	0.475941	0.083300
184	4.219388	2.866536	5.175521	0.872172	0.463924	0.083217
185	4.115826	2.819452	5.195871	0.863464	0.452844	0.083134
186	4.177566	2.875621	5.167482	0.869568	0.471385	0.083051
187	4.145773	2.934684	5.157695	0.867818	0.477746	0.082968
188	4.187629	2.883111	5.182337	0.869425	0.467411	0.082885
189	4.122753	2.729876	5.106462	0.869161	0.463937	0.082802
190	4.075982	2.840431	5.155968	0.862874	0.500613	0.082720
191	4.219197	2.923883	4.820125	0.896790	0.429684	0.082637
192	4.168946	2.865682	5.201237	0.866964	0.477503	0.082554
193	4.155782	2.858273	4.721122	0.898987	0.413623	0.082472
194	4.215826	2.870827	4.815263	0.896871	0.430026	0.082390
195	4.151695	2.998188	5.197336	0.865946	0.479032	0.082308
196	4.230826	2.864908	4.804154	0.899170	0.424642	0.082225
197	4.144058	2.941557	4.729820	0.897156	0.407102	0.082143
198	4.217038	2.856575	5.257326	0.867188	0.471403	0.082061
199	4.231387	2.856688	4.863916	0.894430	0.424767	0.081979
200	4.194697	2.804512	5.252243	0.865885	0.488884	0.081898
201	4.157018	2.954900	4.775356	0.894674	0.428241	0.081816
202	4.209696	2.890331	5.215538	0.869080	0.473742	0.081734
203	4.226166	3.001407	4.823787	0.897135	0.429927	0.081653
204	4.262726	2.901235	4.877036	0.896220	0.430713	0.081571
205	4.224736	2.876554	5.349736	0.862569	0.477576	0.081490
206	4.263562	2.833277	5.263395	0.870178	0.483839	0.081408
207	4.250906	2.954167	4.880335	0.894897	0.447167	0.081327
208	4.206714	2.839916	5.153948	0.872538	0.484560	0.081246
209	4.210132	2.839522	4.689234	0.907145	0.419309	0.081165
210	4.241781	3.017400	5.211469	0.871663	0.478299	0.081084
211	4.275065	2.838683	5.245861	0.872050	0.453402	0.081003
212	4.198499	2.800885	5.193376	0.869568	0.447088	0.080922
213	4.216089	2.906733	5.215133	0.869568	0.472718	0.080841
214	4.225509	2.927482	4.803298	0.898743	0.413431	0.080761
215	4.225875	2.917435	5.154112	0.873962	0.474987	0.080680
216	4.234858	2.977099	4.745316	0.904582	0.420672	0.080600
217	4.202106	2.832291	4.712280	0.904256	0.420122	0.080519
218	4.289873	2.879801	5.357185	0.866679	0.451603	0.080439
219	4.273513	2.861888	5.248400	0.871785	0.446443	0.080359
220	4.178152	3.029822	4.668472	0.905782	0.427699	0.080278
221	4.325788	3.012759	5.284111	0.873474	0.465849	0.080198
222	4.309184	2.960943	5.274708	0.872823	0.460151	0.080118
223	4.291755	3.070717	5.204895	0.875773	0.457303	0.080038
224	4.251600	2.989454	5.144840	0.876485	0.440797	0.079958
225	4.311482	2.875065	5.258860	0.873942	0.470501	0.079879
226	4.305697	2.961078	5.309455	0.870524	0.462943	0.079799
227	4.291475	2.942625	5.207519	0.875590	0.465122	0.079719
228	4.290089	3.005597	5.194680	0.876282	0.467704	0.079640
229	4.246744	3.034126	4.995730	0.886007	0.426096	0.079560
230	4.340267	3.054233	5.176020	0.881307	0.448020	0.079481
231	4.287976	3.023481	5.168147	0.877787	0.433718	0.079401
232	4.341750	2.933472	5.304633	0.873413	0.449573	0.079322
233	4.310071	3.018760	5.882368	0.842265	0.522843	0.079243
234	4.240677	2.878717	5.143600	0.875732	0.468474	0.079164
235	4.269157	2.938935	5.270649	0.870158	0.453685	0.079085
236	4.308071	2.988417	5.302270	0.871114	0.446775	0.079006
237	4.377504	3.008089	5.525833	0.863485	0.473933	0.078927
238	4.435031	2.954551	5.363441	0.876689	0.458531	0.078848
239	4.389924	3.038646	5.484361	0.866557	0.475347	0.078770
240	4.479256	2.967533	5.387991	0.878438	0.462045	0.078691
241	4.368687	2.959501	5.502492	0.864136	0.478150	0.078613
242	4.324786	3.048231	5.501488	0.861247	0.481646	0.078534
243	4.443269	3.071370	5.249538	0.884501	0.433890	0.078456
244	4.483423	3.098622	5.449763	0.875041	0.443583	0.078377
245	4.369804	3.078184	5.300221	0.875732	0.437571	0.078299
246	4.354108	3.049688	5.349125	0.871684	0.447927	0.078221
247	4.496517	3.187405	5.287104	0.886169	0.422471	0.078143
248	4.675714	3.152658	5.576059	0.881307	0.441169	0.078065
249	4.503416	3.135227	5.320600	0.884501	0.440641	0.077987
250	4.530724	3.021480	5.447206	0.878601	0.444088	0.077909
251	4.474536	3.073256	5.277196	0.885111	0.431573	0.077832
252	4.442145	3.106464	5.902559	0.849202	0.521455	0.077754
253	4.656083	3.177394	5.564428	0.880595	0.442871	0.077676
254	4.566647	3.076622	5.475555	0.879496	0.437099	0.077599
255	4.671121	3.143837	5.583756	0.880514	0.440276	0.077521
256	4.788710	3.200662	5.748517	0.879110	0.439208	0.077444
257	4.552125	3.246585	5.424746	0.881551	0.437525	0.077367
258	4.569140	3.214620	6.133638	0.846517	0.496664	0.077289
259	4.605789	3.211266	5.812389	0.863566	0.469467	0.077212
260	4.679971	3.260428	6.241103	0.848246	0.494626	0.077135
261	4.869937	3.283218	6.575492	0.845011	0.508692	0.077058
262	4.714251	3.320892	5.700397	0.876729	0.424193	0.076981
263	4.790352	3.307189	5.733609	0.880086	0.454333	0.076905
264	5.288498	3.341931	6.863444	0.855591	0.499617	0.076828
265	4.827001	3.325878	5.754047	0.881449	0.437757	0.076751
266	5.420315	3.425062	6.446183	0.882243	0.437530	0.076675
267	5.616046	3.550110	6.671774	0.882609	0.439191	0.076598
268	5.662822	3.601543	6.704203	0.883789	0.439117	0.076522
269	5.849005	3.550627	8.018773	0.841125	0.538423	0.076445
270	5.496209	3.682551	6.439535	0.887431	0.437193	0.076369
271	5.608021	3.569022	7.915965	0.833944	0.537002	0.076293
272	5.781236	3.603544	8.107138	0.835531	0.521777	0.076217
273	5.976973	3.739723	8.186937	0.841349	0.524652	0.076140
274	5.863896	3.697494	8.035942	0.841227	0.534354	0.076064
275	5.720469	3.795775	8.025280	0.835429	0.523433	0.075989
276	5.554204	3.883188	7.727474	0.837463	0.538684	0.075913
277	6.019936	3.852816	8.239803	0.841532	0.532122	0.075837
278	5.963488	3.955574	8.136333	0.842346	0.534265	0.075761
279	5.973715	3.946559	8.070290	0.844869	0.525820	0.075686
280	5.817027	3.661330	8.172375	0.835083	0.529940	0.075610
281	6.154665	3.894951	7.258288	0.885132	0.472318	0.075535
282	5.976193	3.745355	7.071859	0.883952	0.470737	0.075459
283	6.167388	3.772424	8.240601	0.847738	0.527457	0.075384
284	5.884075	3.660761	8.020270	0.842590	0.529774	0.075309
285	6.588018	3.867589	8.379915	0.861267	0.549499	0.075234
286	6.572454	3.955585	8.384413	0.860433	0.546691	0.075159
287	6.701119	3.948345	8.487332	0.862508	0.545166	0.075084
288	6.492327	3.896422	8.050543	0.868815	0.529849	0.075009
289	6.520509	3.958691	8.249354	0.862834	0.544401	0.074934
290	6.690307	3.913036	8.389635	0.865438	0.543041	0.074859
291	6.667777	4.074420	8.401751	0.864014	0.546219	0.074784
292	6.519431	3.939060	8.246265	0.862895	0.549452	0.074710
293	6.741901	4.071913	8.596913	0.860555	0.551763	0.074635
294	6.538642	4.092236	8.266531	0.863037	0.546238	0.074561
295	6.458771	4.100449	8.502259	0.851705	0.546051	0.074486
296	6.530620	4.132291	8.308078	0.861226	0.551317	0.074412
297	6.484114	4.033461	8.267025	0.860596	0.547593	0.074338
298	6.553589	4.240404	8.301058	0.862488	0.549427	0.074263
299	6.541419	4.275723	8.257398	0.863485	0.544990	0.074189
300	6.791022	4.370215	8.555861	0.864054	0.545858	0.074115
301	6.594614	4.281708	8.265112	0.865601	0.537980	0.074041
302	6.742927	4.101020	8.423410	0.866577	0.536438	0.073967
303	6.584469	4.080056	8.456972	0.858500	0.546562	0.073894
304	6.597222	4.304014	8.252042	0.866191	0.535711	0.073820
305	6.604258	4.225598	8.360560	0.862651	0.549311	0.073746
306	6.623527	4.189835	8.300781	0.865621	0.537795	0.073673
307	6.557263	4.164723	8.570045	0.853658	0.550305	0.073599
308	6.705338	4.372087	8.451418	0.863932	0.543605	0.073526
309	6.745519	4.134448	8.408414	0.867228	0.536684	0.073452
310	6.712955	4.474383	8.428427	0.865072	0.541185	0.073379
311	6.499108	4.376140	8.468856	0.854472	0.542963	0.073306
312	6.620445	4.302412	8.555677	0.856771	0.547009	0.073232
313	6.618132	4.476520	8.371110	0.862895	0.543837	0.073159
314	6.612644	4.401835	8.399395	0.861674	0.544848	0.073086
315	6.546244	4.226185	8.680447	0.849752	0.556485	0.073013
316	6.618990	4.396233	8.397418	0.862020	0.548186	0.072941
317	6.525978	4.289058	8.285233	0.861816	0.540529	0.072868
318	6.630099	4.347787	8.795673	0.849630	0.549979	0.072795
319	6.542732	4.425589	8.270550	0.863078	0.541389	0.072722
320	6.565849	4.532635	8.890602	0.844279	0.572395	0.072650
321	6.641963	4.471648	8.660137	0.854309	0.547642	0.072577
322	6.590444	4.366719	8.355927	0.862203	0.541529	0.072505
323	6.726468	4.247407	8.564488	0.860982	0.547657	0.072433
324	6.553858	4.460011	8.481993	0.856364	0.541445	0.072360
325	6.612310	4.408909	8.426289	0.860738	0.550118	0.072288
326	6.601829	4.441189	8.869951	0.846293	0.562997	0.072216
327	6.776541	4.384401	9.072807	0.847209	0.564765	0.072144
328	6.780737	4.437729	8.535825	0.864299	0.542851	0.072072
329	6.903005	4.602252	9.134686	0.850301	0.572476	0.072000
330	6.889818	4.411267	9.043116	0.852498	0.569985	0.071928
331	6.725527	4.453069	8.734204	0.855408	0.562902	0.071856
332	6.764895	4.384158	8.758316	0.856262	0.558762	0.071785
333	6.857616	4.604013	8.733325	0.860921	0.553194	0.071713
334	6.881389	4.406329	9.086725	0.850871	0.576432	0.071641
335	6.843329	4.530051	8.907518	0.854777	0.554179	0.071570
336	6.845171	4.401732	9.042330	0.850769	0.572771	0.071498
337	6.756024	4.341225	8.253797	0.873433	0.525275	0.071427
338	6.839098	4.282714	9.026774	0.850993	0.569064	0.071356
339	6.862397	4.465216	8.421282	0.872030	0.526903	0.071285
340	6.830641	4.516021	9.090957	0.848775	0.576038	0.071213
341	6.876592	4.453640	8.970713	0.854167	0.557005	0.071142
342	6.875925	4.412492	9.163919	0.848409	0.576854	0.071071
343	6.779602	4.511817	8.992633	0.849670	0.577132	0.071000
344	6.814148	4.480681	9.175314	0.845723	0.583141	0.070930
345	6.822065	4.470533	8.504979	0.867188	0.545006	0.070859
346	6.865689	4.330241	9.127077	0.849080	0.576253	0.070788
347	6.791598	4.449828	9.091553	0.847249	0.574197	0.070717
348	6.800030	4.458899	8.319353	0.872986	0.536344	0.070647
349	6.742428	4.391203	8.227133	0.873820	0.522144	0.070576
350	6.781234	4.520378	8.339622	0.871358	0.526475	0.070506
351	6.795173	4.445787	9.003653	0.849955	0.564511	0.070435
352	6.774074	4.462443	8.348871	0.870687	0.527254	0.070365
353	6.772320	4.497113	8.829450	0.854329	0.561173	0.070295
354	6.908647	4.544357	8.520897	0.870463	0.554137	0.070225
355	6.808823	4.434738	9.028631	0.849752	0.575336	0.070155
356	6.767545	4.411546	8.338631	0.870768	0.531622	0.070085
357	6.883234	4.524434	9.086405	0.850952	0.570470	0.070015
358	6.751686	4.543262	8.992794	0.848572	0.581401	0.069945
359	6.727824	4.581775	8.772738	0.854289	0.553016	0.069875
360	6.800442	4.564158	8.275133	0.874695	0.524382	0.069805
361	6.916608	4.493717	9.160361	0.850077	0.573696	0.069736
362	6.805757	4.676683	8.900116	0.853495	0.568338	0.069666
363	6.800999	4.451386	9.022395	0.849630	0.571487	0.069597
364	6.907915	4.699201	9.039776	0.853312	0.569859	0.069527
365	6.825033	4.491223	8.931315	0.853312	0.567734	0.069458
366	6.851679	4.593090	8.883672	0.855855	0.558610	0.069388
367	6.903967	4.685545	8.773138	0.861552	0.547413	0.069319
368	6.831674	4.634309	8.648455	0.862651	0.543632	0.069250
369	6.845674	4.463586	8.330704	0.874674	0.532141	0.069181
370	6.865086	4.666793	8.718821	0.861715	0.549230	0.069112
371	6.874293	4.501027	9.037666	0.852051	0.572019	0.069043
372	6.915235	4.645828	9.385268	0.843689	0.586009	0.068974
373	6.943249	4.490960	9.480682	0.842143	0.591659	0.068905
374	6.935583	4.373802	9.061119	0.853760	0.568131	0.068836
375	6.888345	4.580158	8.682079	0.863932	0.540724	0.068768
376	6.817382	4.637425	8.577220	0.864461	0.544830	0.068699
377	6.989159	4.581955	9.453315	0.844564	0.588997	0.068630
378	6.790971	4.558710	9.411636	0.838420	0.590368	0.068562
379	6.829570	4.667893	9.299348	0.842855	0.584940	0.068494
380	6.882807	4.680143	9.342743	0.843648	0.583296	0.068425
381	6.878160	4.630022	9.193865	0.847636	0.582256	0.068357
382	6.851226	4.607083	9.354278	0.842163	0.589065	0.068289
383	7.018008	4.648960	8.208918	0.888021	0.524971	0.068221
384	7.054276	4.692746	8.355989	0.883606	0.531071	0.068152
385	7.006790	4.656318	8.139218	0.890523	0.521652	0.068084
386	6.934251	4.416591	8.265505	0.881470	0.530562	0.068016
387	6.901462	4.564595	9.115997	0.850789	0.572693	0.067949
388	7.075717	4.605766	8.286818	0.887573	0.530729	0.067881
389	7.233515	4.701926	8.464371	0.887878	0.528968	0.067813
390	6.979173	4.566721	8.239799	0.884745	0.533129	0.067745
391	7.081329	4.612444	8.247917	0.889547	0.530133	0.067678
392	7.069374	4.633716	8.388299	0.883016	0.536508	0.067610
393	7.063399	4.763884	8.187242	0.891317	0.520180	0.067543
394	7.056477	4.649506	8.302452	0.885946	0.528610	0.067475
395	7.012178	4.565323	8.813192	0.864766	0.544183	0.067408
396	7.026897	4.713323	8.312256	0.884074	0.528915	0.067341
397	7.228052	4.663471	8.473958	0.887207	0.529366	0.067273
398	7.120068	4.731317	8.465104	0.882345	0.540221	0.067206
399	7.008619	4.740346	8.155905	0.889872	0.525494	0.067139
400	7.053239	4.586831	8.222135	0.889242	0.523294	0.067072
401	7.088527	4.703369	8.355215	0.885315	0.531500	0.067005
402	6.988024	4.537665	8.102562	0.891195	0.521004	0.066938
403	7.115529	4.545172	8.398325	0.884847	0.539540	0.066872
404	7.132289	4.763358	8.490315	0.881917	0.536520	0.066805
405	7.212164	4.687996	8.497477	0.885457	0.534541	0.066738
406	7.152893	4.646640	8.421269	0.885722	0.531307	0.066672
407	7.089610	4.544090	8.232674	0.890645	0.523679	0.066605
408	7.228901	4.694192	8.411304	0.889913	0.521759	0.066539
409	6.988211	4.528294	8.263571	0.884196	0.535746	0.066472
410	7.127558	4.737710	8.338958	0.887939	0.522906	0.066406
411	7.021044	4.654293	8.303864	0.884135	0.534444	0.066340
412	7.035820	4.667064	8.247172	0.887268	0.528626	0.066273
413	7.265755	4.610706	8.512304	0.887451	0.531049	0.066207
414	6.908632	4.453114	8.103201	0.887044	0.529511	0.066141
415	6.964231	4.711185	8.172641	0.886861	0.526658	0.066075
416	7.046623	4.716131	8.327250	0.884420	0.533008	0.066009
417	6.934554	4.717039	8.128937	0.887248	0.521487	0.065943
418	7.024845	4.759253	8.176620	0.889791	0.524737	0.065878
419	7.217636	4.707642	8.443865	0.887960	0.532582	0.065812
420	7.154623	4.699005	8.310018	0.890564	0.525006	0.065746
421	7.078553	4.730547	8.230378	0.890177	0.521825	0.065681
422	7.072043	4.578998	8.326083	0.885722	0.528379	0.065615
423	7.271496	4.857227	8.564888	0.885559	0.537804	0.065549
424	7.010169	4.765020	8.093483	0.892782	0.509106	0.065484
425	7.013154	4.700801	8.226741	0.887004	0.527049	0.065419
426	7.055097	4.795121	9.436224	0.847473	0.574296	0.065353
427	6.975002	4.666132	8.214701	0.885600	0.526386	0.065288
428	7.044590	4.600340	8.235323	0.888224	0.530856	0.065223
429	7.203196	4.694216	8.366901	0.890544	0.522263	0.065158
430	7.069135	4.651525	8.234177	0.889526	0.523939	0.065093
431	7.203307	4.782548	8.520934	0.884074	0.535899	0.065028
432	6.929345	4.654943	9.179330	0.850016	0.569820	0.064963
433	7.074572	4.731907	8.394967	0.882996	0.533388	0.064898
434	7.011875	4.708378	8.114536	0.891907	0.515482	0.064833
435	6.946142	4.814071	8.827353	0.861532	0.548331	0.064769
436	7.033016	4.619678	8.140793	0.891825	0.518611	0.064704
437	7.202155	4.835293	10.010314	0.837708	0.617243	0.064640
438	7.084962	4.714277	8.384899	0.883911	0.536085	0.064575
439	7.027261	4.641199	8.224897	0.887797	0.531251	0.064511
440	7.252230	4.640330	8.539214	0.885681	0.532651	0.064446
441	7.148261	4.725817	8.740309	0.873169	0.555339	0.064382
442	7.246375	4.620716	8.500319	0.887004	0.530389	0.064318
443	7.223718	4.624325	8.805933	0.874125	0.545147	0.064253
444	7.121551	4.714558	8.595123	0.877340	0.547020	0.064189
445	7.166572	4.829256	8.386993	0.887838	0.531315	0.064125
446	7.278147	4.744763	8.739602	0.879008	0.553638	0.064061
447	7.155076	4.675251	8.763358	0.872640	0.558023	0.063997
448	7.272047	4.646809	8.811505	0.876058	0.554597	0.063933
449	7.286330	4.710169	8.843884	0.875509	0.558373	0.063870
450	7.243142	4.947102	8.721779	0.878092	0.558138	0.063806
451	7.409004	4.827426	8.926484	0.877909	0.557906	0.063742
452	7.077036	4.833543	8.576834	0.875997	0.547908	0.063679
453	7.139300	4.620823	8.662683	0.875610	0.557492	0.063615
454	7.261659	4.777519	8.741367	0.878194	0.552726	0.063552
455	7.163756	4.845014	8.702829	0.875224	0.548640	0.063488
456	7.117689	4.801265	8.602283	0.876892	0.543613	0.063425
457	7.277672	4.800541	8.806675	0.876485	0.556459	0.063362
458	7.421967	4.781959	8.897538	0.879557	0.554259	0.063298
459	7.209837	4.802263	8.434740	0.887960	0.529232	0.063235
460	7.162035	4.742915	8.717360	0.874613	0.554534	0.063172
461	7.412855	4.702488	8.913992	0.878540	0.549814	0.063109
462	7.330192	4.635084	8.741151	0.881327	0.551480	0.063046
463	7.239675	4.870629	8.743692	0.877116	0.559401	0.062983
464	7.236551	4.901868	8.718710	0.877909	0.551902	0.062920
465	7.057045	4.469563	8.578640	0.875020	0.548772	0.062857
466	7.336124	4.753814	8.794090	0.879578	0.550497	0.062795
467	7.202336	4.684113	8.459371	0.886556	0.530123	0.062732
468	7.039585	4.875258	8.266783	0.886617	0.529630	0.062669
469	7.266747	4.710611	8.546381	0.886088	0.540382	0.062607
470	7.218732	4.746779	8.660801	0.879293	0.549724	0.062544
471	7.367609	4.757846	8.928423	0.876017	0.557362	0.062482
472	7.140249	4.768248	8.659454	0.875773	0.548423	0.062420
473	7.181310	4.799517	8.545592	0.882039	0.539591	0.062357
474	7.390148	4.863395	8.879560	0.878805	0.555762	0.062295
475	7.134130	4.725028	8.641668	0.876160	0.557681	0.062233
476	7.418497	4.737393	8.876009	0.880208	0.552446	0.062171
477	7.208639	4.720239	8.519713	0.884379	0.530846	0.062109
478	7.231593	4.909748	8.790822	0.875020	0.558457	0.062047
479	7.137839	4.585155	8.564273	0.879272	0.537428	0.061985
480	7.255474	4.701775	8.837858	0.874369	0.552670	0.061923
481	7.340840	4.909502	8.696463	0.883565	0.545013	0.061861
482	7.166432	4.783806	8.645516	0.877482	0.557661	0.061799
483	7.344144	4.859975	9.155229	0.867208	0.558606	0.061738
484	7.211021	4.807450	9.157522	0.861735	0.563614	0.061676
485	7.216141	4.787417	8.747625	0.875916	0.558475	0.061615
486	7.351649	4.821133	8.925427	0.875427	0.555238	0.061553
487	7.416313	4.871112	9.599584	0.856323	0.586080	0.061492
488	7.293799	4.905947	9.563314	0.852783	0.590910	0.061430
489	7.320784	4.977489	9.419645	0.857992	0.586020	0.061369
490	7.433797	5.105286	9.673235	0.854858	0.589110	0.061308
491	7.314567	4.986170	9.338413	0.860209	0.581095	0.061247
492	7.472485	4.807721	9.711397	0.855204	0.590958	0.061185
493	7.350317	4.890407	9.628770	0.853027	0.590053	0.061124
494	7.476541	5.083275	9.490044	0.861877	0.581003	0.061063
495	7.458331	4.943264	9.299459	0.867147	0.572537	0.061002
496	7.371474	4.936431	9.540847	0.856344	0.585775	0.060942
497	7.556205	4.947283	9.379782	0.868490	0.574271	0.060881
498	7.505454	4.957772	9.186544	0.872843	0.565047	0.060820
499	7.535603	4.999249	9.478883	0.864522	0.576989	0.060759
500	7.304991	4.953465	9.467951	0.855957	0.585247	0.060699
501	7.507947	4.989548	9.331747	0.868103	0.570810	0.060638
502	7.433845	5.066075	9.636370	0.855916	0.588824	0.060578
503	7.404355	4.893341	9.175957	0.868998	0.570444	0.060517
504	7.371210	5.118986	8.841568	0.879374	0.554505	0.060457
505	7.396252	4.906445	9.699099	0.852743	0.591153	0.060396
506	7.528667	5.071389	9.886820	0.852356	0.600732	0.060336
507	7.432936	5.007493	9.572252	0.857747	0.593061	0.060276
508	7.395685	4.905964	9.416570	0.860982	0.581556	0.060216
509	7.472798	4.885361	9.580016	0.859029	0.587579	0.060156
510	7.484348	4.962071	9.316177	0.867655	0.566642	0.060096
511	7.485940	5.036486	9.407343	0.864807	0.575485	0.060036
512	7.308200	4.999969	9.537296	0.854065	0.586898	0.059976
513	7.406043	4.968051	9.610195	0.855632	0.596170	0.059916
514	7.605048	4.902457	9.527595	0.865723	0.576736	0.059856
515	7.413589	4.971844	9.330549	0.864360	0.568970	0.059796
516	7.418915	4.930378	9.502767	0.859273	0.584142	0.059737
517	7.425276	5.053252	9.512276	0.859233	0.585257	0.059677
518	7.468145	5.007005	9.271709	0.868449	0.574828	0.059617
519	7.514441	4.939290	9.684225	0.857544	0.592568	0.059558
520	7.501782	4.978114	9.324084	0.868103	0.572066	0.059498
521	7.474009	5.071857	9.207285	0.870829	0.570430	0.059439
522	7.484427	5.100189	9.326328	0.867330	0.570723	0.059380
523	7.364108	4.907484	9.536889	0.856181	0.585949	0.059321
524	7.506671	5.160642	9.359100	0.867167	0.575201	0.059261
525	7.384833	4.941433	9.444251	0.859721	0.589608	0.059202
526	7.557050	4.970956	9.468109	0.865702	0.573352	0.059143
527	7.487826	4.999801	9.364766	0.866231	0.579543	0.059084
528	7.527686	5.040090	9.517601	0.863017	0.579057	0.059025
529	7.429864	5.004335	9.232219	0.868184	0.574101	0.058966
530	7.645554	5.192233	9.499595	0.868205	0.576536	0.058907
531	7.543744	5.114617	9.348074	0.869019	0.569212	0.058849
532	7.424556	4.909398	9.361809	0.863810	0.581255	0.058790
533	7.539924	5.100372	9.342718	0.869039	0.577247	0.058731
534	7.417263	5.064707	9.446716	0.860901	0.582526	0.058673
535	7.456266	5.154304	9.576004	0.858521	0.588496	0.058614
536	7.383600	5.021933	9.588820	0.855408	0.598089	0.058556
537	7.538250	5.109557	9.538937	0.862773	0.579094	0.058497
538	7.544951	5.101409	9.524180	0.863485	0.576816	0.058439
539	7.557356	5.142178	9.612228	0.861287	0.583095	0.058380
540	7.533497	5.166180	9.526276	0.862976	0.584605	0.058322
541	7.549725	5.022826	9.488804	0.864766	0.577454	0.058264
542	7.368509	4.990173	8.788965	0.881246	0.549971	0.058206
543	7.480363	5.000982	9.573256	0.859517	0.587785	0.058148
544	7.474529	5.133667	9.462267	0.862651	0.579188	0.058090
545	7.406164	5.117090	9.701928	0.853027	0.599608	0.058032
546	7.491045	5.073696	9.496454	0.862244	0.578010	0.057974
547	7.481976	4.943001	9.424425	0.864115	0.579364	0.057916
548	7.487911	5.112375	9.354061	0.866577	0.575315	0.057858
549	7.360368	5.150879	9.339305	0.861979	0.583548	0.057800
550	7.449598	5.152040	9.780047	0.852437	0.600145	0.057743
551	7.581792	5.180776	9.424162	0.868083	0.571910	0.057685
552	7.334268	5.082088	9.144772	0.867147	0.575586	0.057627
553	7.415651	5.076512	9.115065	0.871521	0.559727	0.057570
554	7.437002	5.043302	9.490677	0.860331	0.584722	0.057512
555	7.519551	5.200336	9.452181	0.864726	0.583201	0.057455
556	7.388070	5.034272	9.330034	0.863363	0.579028	0.057398
557	7.487323	5.105365	9.380750	0.865702	0.575768	0.057340
558	7.411593	5.207832	9.745523	0.852010	0.603347	0.057283
559	7.455326	5.066241	9.382431	0.864380	0.579193	0.057226
560	7.488827	5.107406	9.590942	0.859314	0.585759	0.057169
561	7.408142	5.194963	9.428432	0.861104	0.579044	0.057112
562	7.521454	5.086394	9.368043	0.867472	0.575488	0.057055
563	7.329707	5.054300	9.642934	0.851868	0.606038	0.056998
564	7.513511	5.119141	9.423866	0.865377	0.579782	0.056941
565	7.435833	5.011778	9.192342	0.869751	0.566947	0.056884
566	7.338939	5.122557	9.347623	0.860881	0.577814	0.056827
567	7.616974	4.980036	9.396381	0.870402	0.573970	0.056771
568	7.535523	5.139299	9.357239	0.868388	0.573769	0.056714
569	7.542664	5.317136	9.435919	0.866150	0.572574	0.056658
570	7.329405	5.244060	9.392149	0.859151	0.579671	0.056601
571	7.371027	5.124262	9.256573	0.865011	0.571229	0.056544
572	7.510751	5.158679	9.182348	0.873210	0.567493	0.056488
573	7.544896	5.192808	9.588266	0.861532	0.585112	0.056432
574	7.428181	5.196661	9.163484	0.870402	0.568327	0.056375
575	7.431520	5.379604	9.539418	0.858663	0.593450	0.056319
576	7.394079	5.160080	9.412529	0.861043	0.578073	0.056263
577	7.419053	5.211867	9.683398	0.854024	0.602251	0.056207
578	7.372875	5.257911	9.432998	0.859599	0.587219	0.056151
579	7.562921	5.165689	9.594296	0.862040	0.583510	0.056095
580	7.500313	5.090575	9.468491	0.863464	0.577470	0.056039
581	7.452885	5.256594	9.294554	0.867086	0.570109	0.055983
582	7.449604	5.236300	9.520973	0.859904	0.583268	0.055927
583	7.541686	5.058821	8.806441	0.888631	0.538161	0.055871
584	7.467561	5.286364	9.299039	0.867533	0.575331	0.055815
585	7.473719	5.179897	9.439508	0.863322	0.579366	0.055760
586	7.550962	5.217678	9.352036	0.869181	0.572473	0.055704
587	7.502219	5.146747	9.432342	0.864665	0.588396	0.055648
588	7.597367	5.182189	9.389546	0.869832	0.572930	0.055593
589	7.550891	5.172159	9.198293	0.874349	0.567215	0.055537
590	7.517986	5.325106	9.340466	0.868225	0.571829	0.055482
591	7.461387	5.324247	9.260841	0.868530	0.566594	0.055426
592	7.501678	5.397095	9.423233	0.864929	0.579601	0.055371
593	7.541497	5.287762	9.335346	0.869344	0.576791	0.055316
594	7.625846	5.272394	9.289600	0.874349	0.572422	0.055261
595	7.510767	5.291668	9.446341	0.864563	0.577154	0.055206
596	7.549936	5.292212	9.256575	0.872314	0.566024	0.055150
597	7.590211	5.362494	9.380080	0.869853	0.572496	0.055095
598	7.491343	5.255737	9.432964	0.864217	0.575305	0.055040
599	7.526670	5.335935	9.485970	0.863953	0.579609	0.054986
600	7.601115	5.334075	9.312674	0.872538	0.570305	0.054931
601	7.537893	5.318837	9.340824	0.869019	0.579820	0.054876
602	7.487497	5.358067	9.237875	0.870361	0.573346	0.054821
603	7.529439	5.212747	9.404024	0.866638	0.584896	0.054766
604	7.503858	5.393455	9.414984	0.865275	0.575075	0.054712
605	7.628753	5.262248	9.564481	0.865499	0.588874	0.054657
606	7.552597	5.378780	9.406832	0.867472	0.587875	0.054603
607	7.604954	5.243752	9.387125	0.870219	0.571034	0.054548
608	7.526558	5.386402	9.399789	0.866659	0.583301	0.054494
609	7.578868	5.246614	9.519541	0.864950	0.588613	0.054439
610	7.452774	5.264752	9.609627	0.857402	0.594758	0.054385
611	7.479044	5.523939	9.259884	0.869283	0.570059	0.054331
612	7.628975	5.334437	9.400660	0.870748	0.579808	0.054276
613	7.466532	5.319900	9.372005	0.865153	0.586252	0.054222
614	7.536054	5.335769	9.430861	0.866048	0.583044	0.054168
615	7.510773	5.409098	9.313424	0.868815	0.571961	0.054114
616	7.539457	5.310151	9.525848	0.863220	0.582121	0.054060
617	7.478101	5.148354	8.711033	0.889506	0.533309	0.054006
618	7.515250	5.263864	9.249588	0.871114	0.580223	0.053952
619	7.499735	5.470077	9.231097	0.871094	0.571226	0.053898
620	7.617155	5.444109	9.433390	0.869202	0.579221	0.053845
621	7.502216	5.414917	8.764326	0.888468	0.535835	0.053791
622	7.588246	5.420840	9.476830	0.866659	0.579781	0.053737
623	7.516634	5.400292	9.292846	0.869731	0.577960	0.053684
624	7.487254	5.287011	9.434334	0.864014	0.579884	0.053630
625	7.544476	5.321914	9.628513	0.860311	0.584313	0.053576
626	7.598925	5.351045	9.576370	0.863973	0.580246	0.053523
627	7.417886	5.343724	9.612864	0.855998	0.590934	0.053470
628	7.602947	5.365440	9.394576	0.869893	0.584599	0.053416
629	7.568269	5.325616	9.078492	0.879354	0.554180	0.053363
630	7.475600	5.388263	9.297782	0.867900	0.575330	0.053310
631	7.548976	5.398253	9.350199	0.869161	0.582779	0.053256
632	7.529176	5.354319	9.194210	0.873576	0.559450	0.053203
633	7.514493	5.398349	9.343644	0.867981	0.581905	0.053150
634	7.589655	5.465234	9.269853	0.873515	0.572062	0.053097
635	7.537810	5.439648	9.478394	0.864624	0.584562	0.053044
636	7.629754	5.571431	9.252524	0.875793	0.568638	0.052991
637	7.542181	5.369629	9.528627	0.863241	0.580305	0.052938
638	7.483849	5.478357	9.460857	0.863057	0.580060	0.052885
639	7.527119	5.511456	9.393485	0.866882	0.575695	0.052833
640	7.556572	5.519608	9.281610	0.871745	0.574247	0.052780
641	7.550198	5.464035	9.269550	0.871887	0.573215	0.052727
642	7.482968	5.469786	9.552051	0.860250	0.586566	0.052675
643	7.450421	5.365852	9.431089	0.862671	0.591651	0.052622
644	7.568680	5.410567	9.599582	0.862101	0.584305	0.052570
645	7.541865	5.401921	8.740869	0.891357	0.532423	0.052517
646	7.520048	5.323524	9.443066	0.865031	0.589711	0.052465
647	7.474701	5.402598	9.388700	0.864950	0.580807	0.052412
648	7.583655	5.437424	9.374462	0.869771	0.573075	0.052360
649	7.533143	5.302243	9.537135	0.862630	0.596015	0.052308
650	7.441118	5.384966	9.261121	0.867696	0.576035	0.052256
651	7.507052	5.411140	9.298271	0.869161	0.568452	0.052203
652	7.495961	5.355005	9.212574	0.871562	0.580592	0.052151
653	7.542508	5.472732	9.208122	0.873657	0.563291	0.052099
654	7.481437	5.545113	9.693091	0.856059	0.597527	0.052047
655	7.482869	5.668632	8.871555	0.883301	0.553197	0.051995
656	7.592972	5.509383	9.387844	0.869710	0.577424	0.051943
657	7.575362	5.464437	9.485224	0.865885	0.576674	0.051892
658	7.491051	5.560217	9.650585	0.857646	0.590558	0.051840
659	7.599290	5.429778	8.980358	0.884420	0.551867	0.051788
660	7.702708	5.626601	9.486528	0.870911	0.574379	0.051736
661	7.492017	5.409317	9.410451	0.864950	0.574616	0.051685
662	7.505980	5.535832	8.850363	0.885193	0.544652	0.051633
663	7.520696	5.419277	9.500823	0.863261	0.583402	0.051582
664	7.531425	5.345599	9.590757	0.860942	0.590651	0.051530
665	7.633558	5.436364	9.443659	0.869527	0.576753	0.051479
666	7.537085	5.503500	9.393213	0.867289	0.573071	0.051427
667	7.565567	5.764017	9.432530	0.867167	0.578179	0.051376
668	7.561432	5.592375	9.415298	0.867554	0.579043	0.051325
669	7.532750	5.460426	9.317093	0.869588	0.581931	0.051274
670	7.545288	5.586187	9.385718	0.867859	0.578435	0.051222
671	7.540759	5.413664	9.456100	0.865438	0.584109	0.051171
672	7.516546	5.517657	9.387285	0.866659	0.574821	0.051120
673	7.508160	5.515678	9.390198	0.866231	0.583502	0.051069
674	7.574513	5.562821	9.609002	0.862040	0.586666	0.051018
675	7.500382	5.493756	9.322344	0.868103	0.590171	0.050967
676	7.513354	5.451297	9.413363	0.865702	0.583948	0.050916
677	7.438702	5.579314	9.415597	0.862691	0.584065	0.050866
678	7.546386	5.656789	9.242027	0.872660	0.568595	0.050815
679	7.518279	5.548993	9.230965	0.871867	0.576795	0.050764
680	7.560422	5.651067	9.391930	0.868266	0.575837	0.050713
681	7.522513	5.589384	9.389644	0.866821	0.578414	0.050663
682	7.542657	5.596980	9.267543	0.871643	0.570795	0.050612
683	7.540920	5.613105	9.660423	0.859233	0.595248	0.050562
684	7.589631	5.600351	9.552770	0.864339	0.587048	0.050511
685	7.472225	5.590121	9.169640	0.872030	0.566331	0.050461
686	7.514980	5.601795	9.119680	0.875570	0.565117	0.050411
687	7.532500	5.651118	8.928278	0.883382	0.546952	0.050360
688	7.628183	5.687540	9.387352	0.871155	0.573657	0.050310
689	7.457085	5.734160	9.481350	0.861389	0.604392	0.050260
690	7.552476	5.626066	9.483135	0.865051	0.587423	0.050210
691	7.485707	5.507371	9.501011	0.861898	0.589735	0.050159
692	7.608927	5.725730	9.559267	0.864889	0.601280	0.050109
693	7.498857	5.458453	9.362020	0.866760	0.598844	0.050059
694	7.470731	5.519337	9.473357	0.862162	0.590429	0.050009
695	7.514375	5.597402	9.163774	0.874003	0.563788	0.049960
696	7.586336	5.602389	9.375292	0.869853	0.592938	0.049910
697	7.470129	5.691908	9.573164	0.859131	0.589252	0.049860
698	7.536537	5.590684	9.626593	0.860067	0.592951	0.049810
699	7.622792	5.515004	9.377032	0.871277	0.578976	0.049760
700	7.640921	5.645190	9.368126	0.872314	0.573941	0.049711
701	7.593023	5.459232	9.596867	0.863118	0.590439	0.049661
702	7.454156	5.580044	9.133215	0.872518	0.568864	0.049612
703	7.532771	5.645979	9.383404	0.867432	0.579077	0.049562
704	7.586969	5.657427	9.387892	0.869466	0.576747	0.049513
705	7.554195	5.729392	9.326934	0.870138	0.574150	0.049463
706	7.557863	5.657448	8.496228	0.903239	0.519414	0.049414
707	7.599848	5.738236	9.436482	0.868408	0.580910	0.049365
708	7.670477	5.641021	9.336813	0.874593	0.571786	0.049315
709	7.564917	5.666857	9.438738	0.866943	0.583473	0.049266
710	7.657881	5.585917	9.351377	0.873576	0.573500	0.049217
711	7.542492	5.493086	9.384764	0.867778	0.584859	0.049168
712	7.604571	5.608771	9.219656	0.875875	0.564478	0.049119
713	7.569452	5.628992	9.472656	0.866048	0.588017	0.049070
714	7.549542	5.597457	9.190779	0.874552	0.563682	0.049021
715	7.551914	5.646517	9.207783	0.874064	0.568833	0.048972
716	7.795370	5.647037	9.563702	0.872111	0.586745	0.048923
717	7.499095	5.599650	9.569917	0.860331	0.592230	0.048874
718	7.640990	5.652629	9.530430	0.867045	0.599163	0.048825
719	7.591752	5.644042	9.622099	0.862305	0.587832	0.048777
720	7.577081	5.583944	9.450078	0.867065	0.583617	0.048728
721	7.564987	5.711842	9.281662	0.872091	0.575836	0.048679
722	7.542125	5.761759	9.095916	0.877584	0.562098	0.048631
723	7.569014	5.767651	9.404493	0.868205	0.585470	0.048582
724	7.572034	5.588122	9.265641	0.872925	0.568147	0.048534
725	7.663937	5.570338	9.220478	0.878377	0.561863	0.048485
726	7.630234	5.647998	9.256617	0.875671	0.567605	0.048437
727	7.695371	5.552513	9.791917	0.861165	0.597846	0.048388
728	7.601219	5.630499	9.435659	0.868490	0.579657	0.048340
729	7.556931	5.607079	9.596130	0.861755	0.590864	0.048292
730	7.662938	5.584077	9.400618	0.872131	0.572181	0.048244
731	7.607391	5.622634	9.496233	0.866801	0.589257	0.048196
732	7.552531	5.586962	9.448906	0.866130	0.580038	0.048148
733	7.612793	5.740761	9.877028	0.855672	0.606152	0.048099
734	7.600482	5.743943	8.738518	0.894348	0.531304	0.048051
735	7.515435	5.618605	9.278464	0.870158	0.577850	0.048003
736	7.627352	5.539137	9.785873	0.858805	0.596857	0.047956
737	7.582567	5.557954	9.493597	0.865906	0.582728	0.047908
738	7.660368	5.660793	9.627865	0.864766	0.589626	0.047860
739	7.536938	5.709513	9.527307	0.863078	0.600942	0.047812
740	7.542464	5.644566	9.304465	0.870402	0.586176	0.047764
741	7.686458	5.630596	9.769544	0.861491	0.604208	0.047717
742	7.589651	5.586164	9.478584	0.866659	0.577054	0.047669
743	7.650162	5.695236	10.169935	0.849080	0.615569	0.047622
744	7.821294	5.664552	9.686204	0.869202	0.593680	0.047574
745	7.636841	5.769978	9.615509	0.864237	0.595975	0.047527
746	7.612237	5.803163	9.441761	0.868734	0.588492	0.047479
747	7.575433	5.651906	9.681789	0.859904	0.599223	0.047432
748	7.623472	5.745305	9.546114	0.865865	0.596012	0.047384
749	7.510985	5.704784	9.509747	0.862610	0.592385	0.047337
750	7.667911	5.762743	9.546597	0.867594	0.590991	0.047290
751	7.536185	5.644973	9.141365	0.875712	0.568428	0.047243
752	7.733638	5.691937	9.663652	0.866496	0.589073	0.047196
753	7.618853	5.690626	9.621479	0.863363	0.591067	0.047148
754	7.576208	5.895228	9.543781	0.864095	0.590481	0.047101
755	7.629660	5.747994	8.772536	0.894328	0.531995	0.047054
756	7.694349	5.755609	10.023384	0.854553	0.607590	0.047007
757	7.552242	5.740056	9.735763	0.857463	0.597526	0.046961
758	7.557749	5.684322	9.202532	0.874491	0.566538	0.046914
759	7.673520	5.809077	9.602890	0.866048	0.584981	0.046867
760	7.618027	5.698421	9.367492	0.871399	0.574723	0.046820
761	7.583147	5.751502	9.205317	0.875468	0.560317	0.046773
762	7.560198	5.670758	9.289095	0.871643	0.571834	0.046727
763	7.641012	5.694502	9.858779	0.857218	0.601098	0.046680
764	7.724472	5.726867	9.825478	0.861267	0.596068	0.046633
765	7.592332	5.740923	9.145090	0.877991	0.561824	0.046587
766	7.702175	5.572120	9.824889	0.860453	0.598434	0.046540
767	7.616695	5.740069	9.226787	0.876139	0.561426	0.046494
768	7.562483	5.763806	9.572943	0.862671	0.590581	0.046448
769	7.615801	5.835264	9.673607	0.861674	0.590452	0.046401
770	7.575041	5.804087	9.932811	0.852763	0.607939	0.046355
771	7.559810	5.744128	9.536980	0.863668	0.589970	0.046309
772	7.608322	5.738425	9.222457	0.875936	0.568275	0.046262
773	7.609233	5.820498	9.760525	0.858866	0.597329	0.046216
774	7.618573	5.630329	9.201305	0.877116	0.563891	0.046170
775	7.660608	5.692399	9.041142	0.884867	0.554370	0.046124
776	7.556972	5.683080	9.687231	0.859049	0.590710	0.046078
777	7.608952	5.770637	9.901155	0.854858	0.608406	0.046032
778	7.637211	5.721841	9.890572	0.856181	0.600469	0.045986
779	7.659215	5.744110	9.164579	0.880188	0.558486	0.045940
780	7.580263	5.839471	10.202893	0.845825	0.622703	0.045894
781	7.618010	5.842532	9.301493	0.873617	0.567367	0.045849
782	7.596199	5.809416	9.306047	0.872559	0.570191	0.045803
783	7.535730	5.599465	9.323872	0.869486	0.577829	0.045757
784	7.647405	5.685024	9.818655	0.858602	0.603083	0.045711
785	7.620775	5.778524	9.885932	0.855713	0.602658	0.045666
786	7.608716	5.622151	9.729181	0.859762	0.597118	0.045620
787	7.616279	5.700973	9.390574	0.870565	0.575253	0.045575
788	7.644633	5.720769	9.284662	0.875305	0.568125	0.045529
789	7.514473	5.733131	9.201752	0.872701	0.572166	0.045484
790	7.590103	5.891049	9.423752	0.868429	0.576467	0.045438
791	7.602541	5.924385	9.618948	0.862813	0.593099	0.045393
792	7.611153	5.846003	9.924553	0.854289	0.606905	0.045348
793	7.623455	5.778042	9.318333	0.873271	0.568123	0.045302
794	7.605781	5.779901	9.679969	0.861104	0.592111	0.045257
795	7.595505	5.847462	9.193593	0.876404	0.567637	0.045212
796	7.588706	5.912998	9.210898	0.875509	0.569303	0.045167
797	7.649797	5.630285	9.515718	0.867859	0.584058	0.045122
798	7.539758	5.799773	9.192373	0.874084	0.563554	0.045077
799	7.526546	5.769031	9.496333	0.863627	0.589769	0.045032
800	7.609525	5.711808	9.662237	0.861776	0.594589	0.044987
801	7.628417	5.790171	9.826128	0.857686	0.602674	0.044942
802	7.619821	5.863465	9.656322	0.862345	0.590124	0.044897
803	7.608340	5.881378	9.794598	0.857849	0.599025	0.044852
804	7.683051	5.820409	9.377893	0.873718	0.569882	0.044808
805	7.631488	5.894901	9.215752	0.877157	0.566915	0.044763
806	7.539436	5.885751	9.263585	0.871643	0.571830	0.044718
807	7.518213	5.920361	9.369694	0.867289	0.585948	0.044674
808	7.541233	5.754328	9.763418	0.856262	0.603290	0.044629
809	7.540841	5.801137	9.345099	0.868998	0.577636	0.044584
810	7.532278	5.841184	9.707915	0.857524	0.599792	0.044540
811	7.627110	5.948174	9.588043	0.864705	0.583977	0.044495
812	7.577744	5.857823	9.933379	0.852844	0.611896	0.044451
813	7.642149	5.808383	9.973845	0.854045	0.604791	0.044407
814	7.538135	5.855905	9.921627	0.851746	0.605852	0.044362
815	7.603734	5.765408	9.722811	0.859762	0.599111	0.044318
816	7.537893	5.610034	9.190687	0.874064	0.577506	0.044274
817	7.491940	5.674937	9.226950	0.870911	0.573034	0.044230
818	7.567984	5.826041	9.504564	0.864990	0.584629	0.044186
819	7.789805	5.617598	9.806074	0.864299	0.595196	0.044141
820	7.485009	5.825369	9.839837	0.852071	0.605986	0.044097
821	7.578428	5.774144	9.444099	0.867310	0.581870	0.044053
822	7.570190	5.931732	9.064690	0.879944	0.558172	0.044009
823	7.566679	5.883015	9.211641	0.874552	0.568777	0.043966
824	7.611607	5.592144	9.640514	0.862508	0.591019	0.043922
825	7.713194	5.702651	9.411664	0.873820	0.586562	0.043878
826	7.578884	5.848596	9.274023	0.872925	0.567284	0.043834
827	7.560269	5.790381	9.144050	0.876648	0.570685	0.043790
828	7.627745	5.813971	9.427090	0.869832	0.578717	0.043747
829	7.550139	5.756521	9.323773	0.870076	0.583915	0.043703
830	7.621418	5.851185	9.250603	0.875509	0.564377	0.043659
831	7.678683	5.897859	9.309508	0.875875	0.576533	0.043616
832	7.605080	5.805497	9.124329	0.879293	0.558855	0.043572
833	7.597117	5.785095	9.183434	0.876831	0.567970	0.043529
834	7.582239	5.817281	9.080227	0.879903	0.566795	0.043485
835	7.668473	5.773757	9.435080	0.871216	0.585052	0.043442
836	7.724587	5.876285	9.951446	0.857646	0.607336	0.043399
837	7.628996	5.852872	9.501348	0.867493	0.589199	0.043355
838	7.503170	5.739109	9.202825	0.872192	0.573096	0.043312
839	7.544660	5.783442	9.553051	0.862590	0.588954	0.043269
840	7.623129	5.915945	9.370701	0.871501	0.582570	0.043226
841	7.593649	5.861518	9.225667	0.875203	0.564094	0.043182
842	7.562764	5.848343	9.416323	0.867574	0.581305	0.043139
843	7.596840	5.904624	9.136929	0.878479	0.571110	0.043096
844	7.573392	5.848299	9.165100	0.876465	0.562918	0.043053
845	7.657945	5.877090	9.281436	0.875977	0.581233	0.043010
846	7.641174	5.919659	9.374528	0.872111	0.580873	0.042967
847	7.604690	5.976702	9.321890	0.872375	0.580626	0.042924
848	7.573593	5.834352	9.353355	0.870056	0.588809	0.042882
849	7.681439	5.844715	9.403164	0.872803	0.589608	0.042839
850	7.624386	6.048809	9.623785	0.863505	0.597589	0.042796
851	7.597393	5.929701	9.366055	0.870605	0.571231	0.042753
852	7.590502	5.999773	9.387901	0.869609	0.578005	0.042711
853	7.816380	5.905151	9.707943	0.868327	0.591783	0.042668
854	7.778438	5.876871	9.953304	0.859558	0.613149	0.042625
855	7.678415	5.832576	9.467809	0.870544	0.583504	0.042583
856	7.684084	5.935126	9.729589	0.862590	0.608648	0.042540
857	7.777971	5.935519	9.571056	0.871175	0.583228	0.042498
858	7.785883	5.880916	9.606649	0.870341	0.592178	0.042456
859	7.725501	5.978893	9.667940	0.866048	0.605855	0.042413
860	7.626330	5.736203	9.651740	0.862732	0.612749	0.042371
861	7.661753	5.908409	9.394278	0.872294	0.584952	0.042329
862	7.545685	5.854626	9.307212	0.870443	0.573824	0.042286
863	7.764178	5.930183	9.500761	0.872925	0.588009	0.042244
864	7.732367	5.822553	9.562726	0.869629	0.583171	0.042202
865	7.812221	5.952994	9.708632	0.868144	0.597956	0.042160
866	7.739349	5.799049	9.683951	0.866089	0.604715	0.042118
867	7.615568	6.013209	9.782705	0.858459	0.616959	0.042076
868	7.741406	5.964739	9.587267	0.869202	0.586537	0.042034
869	7.568343	5.865309	9.448130	0.866781	0.590181	0.041992
870	7.671109	5.923616	9.281605	0.876526	0.586154	0.041950
871	7.690038	5.963153	9.308016	0.876404	0.576774	0.041908
872	7.585168	5.739435	9.505936	0.865621	0.602586	0.041866
873	7.598504	5.843586	9.505774	0.866150	0.590004	0.041824
874	7.813314	5.779820	9.879422	0.862996	0.605115	0.041783
875	7.633456	5.951440	9.839031	0.857503	0.610386	0.041741
876	7.828740	5.910623	9.994852	0.860209	0.609898	0.041699
877	7.787118	5.938598	10.081021	0.856283	0.616588	0.041658
878	7.770626	5.897479	9.594154	0.870138	0.598049	0.041616
879	7.791499	5.829267	9.850466	0.863037	0.603072	0.041575
880	7.829848	5.984364	9.857162	0.864278	0.605956	0.041533
881	7.800007	5.910973	9.247000	0.883321	0.565179	0.041492
882	7.859683	5.824981	9.595340	0.873657	0.589289	0.041450
883	7.819442	6.018967	9.138031	0.888346	0.558974	0.041409
884	7.869192	5.968007	9.920401	0.863871	0.602201	0.041368
885	7.790964	5.913443	9.208490	0.884359	0.562127	0.041326
886	7.932726	5.880276	9.960589	0.865051	0.603098	0.041285
887	7.862155	5.916150	9.883518	0.864705	0.603944	0.041244
888	7.830385	5.840956	9.342701	0.881144	0.569834	0.041203
889	7.695344	5.950568	9.752029	0.862345	0.603553	0.041162
890	7.801614	5.833438	9.713712	0.867574	0.595758	0.041120
891	7.820597	5.923069	9.192438	0.886292	0.563943	0.041079
892	7.840431	5.780187	9.907497	0.863180	0.605276	0.041038
893	7.774913	6.125808	9.178196	0.884786	0.564490	0.040998
894	7.854670	6.054573	9.732719	0.869039	0.596951	0.040957
895	7.820329	6.069781	9.735703	0.867615	0.592146	0.040916
896	7.846974	6.065093	9.759023	0.867920	0.601993	0.040875
897	7.882157	6.097692	9.663266	0.872335	0.587869	0.040834
898	7.797519	6.089127	9.249542	0.883118	0.563220	0.040793
899	7.800295	5.941367	9.721899	0.867269	0.593804	0.040753
900	7.822056	6.006870	9.784108	0.866191	0.595863	0.040712
901	7.845482	6.152283	9.886404	0.863993	0.606575	0.040671
902	7.880692	5.984517	9.655828	0.872518	0.587703	0.040631
903	7.908658	5.957635	9.706478	0.871989	0.591834	0.040590
904	7.841391	5.932283	9.158484	0.888550	0.563853	0.040550
905	7.807305	5.948615	9.274956	0.882609	0.568525	0.040509
906	7.828227	5.991159	9.627223	0.871358	0.589597	0.040469
907	7.847491	6.088342	9.777422	0.867371	0.597534	0.040428
908	7.944852	5.946195	9.961469	0.865479	0.604272	0.040388
909	7.970856	5.958466	10.028452	0.864461	0.604459	0.040348
910	7.878287	6.057522	9.779593	0.868490	0.594661	0.040307
911	7.840745	6.104124	9.634428	0.871623	0.586516	0.040267
912	7.920879	6.026464	9.965574	0.864461	0.605632	0.040227
913	7.854864	6.008814	9.947917	0.862528	0.605602	0.040187
914	7.904211	5.962413	9.803253	0.868754	0.595529	0.040147
915	7.794487	5.990319	8.958203	0.894491	0.547106	0.040107
916	7.947727	5.972330	9.126006	0.894836	0.558450	0.040067
917	7.836700	5.909973	9.695614	0.869507	0.601306	0.040027
918	7.786557	6.099683	9.099601	0.888346	0.555241	0.039987
919	7.830181	5.915631	9.597053	0.872416	0.587337	0.039947
920	7.903609	6.045230	9.801852	0.868774	0.601959	0.039907
921	7.951177	6.048611	9.048209	0.898315	0.554678	0.039867
922	7.834720	5.981555	9.504688	0.875671	0.584086	0.039827
923	7.875603	6.042048	9.022501	0.895711	0.560125	0.039788
924	7.841058	6.114177	9.137428	0.889364	0.556691	0.039748
925	7.874113	6.152683	9.718077	0.870260	0.596601	0.039708
926	7.988037	6.008278	9.051539	0.900004	0.550413	0.039669
927	7.888317	6.089400	9.601976	0.874593	0.587519	0.039629
928	7.866250	6.033816	9.375301	0.881510	0.574799	0.039589
929	7.987501	6.176348	9.709097	0.875041	0.593221	0.039550
930	7.923786	6.094955	8.970533	0.900370	0.547775	0.039511
931	7.957470	6.123486	9.817068	0.870382	0.592197	0.039471
932	7.894122	6.036914	9.713984	0.871175	0.592479	0.039432
933	7.823718	6.310586	9.654606	0.870300	0.594902	0.039392
934	7.983578	6.146274	8.995685	0.902283	0.548756	0.039353
935	7.866277	6.109908	9.888700	0.864705	0.603810	0.039314
936	7.911618	6.148687	9.276416	0.887166	0.561151	0.039275
937	7.988072	6.226903	9.812896	0.871704	0.600898	0.039235
938	7.903652	5.959727	9.604125	0.875142	0.584512	0.039196
939	7.971418	6.220461	9.863598	0.869466	0.595703	0.039157
940	7.804423	6.191864	9.629524	0.870341	0.590150	0.039118
941	7.981745	6.303753	9.934647	0.867676	0.602309	0.039079
942	7.948765	6.135677	9.966375	0.865479	0.603524	0.039040
943	7.921047	6.021582	9.765697	0.870585	0.596784	0.039001
944	7.951898	6.142563	10.056053	0.862956	0.607773	0.038962
945	7.918470	6.054961	9.203884	0.890299	0.554521	0.038923
946	7.871070	6.244749	9.403766	0.880697	0.574181	0.038884
947	7.881487	6.184893	9.527182	0.876831	0.584376	0.038846
948	7.901800	6.084377	9.638710	0.873922	0.591301	0.038807
949	7.807755	6.079818	9.007453	0.893066	0.554645	0.038768
950	7.839518	6.151087	9.501503	0.875977	0.580613	0.038729
951	7.846240	6.202693	9.633636	0.871867	0.588554	0.038691
952	7.875551	6.158587	9.893553	0.864909	0.600257	0.038652
953	7.862288	6.181555	9.216990	0.887227	0.562523	0.038613
954	7.925990	6.132824	9.717634	0.872314	0.589492	0.038575
955	7.932396	6.162061	9.581522	0.877075	0.582901	0.038536
956	7.932506	6.170450	9.298773	0.887248	0.570647	0.038498
957	7.867339	6.111309	9.286759	0.884806	0.570203	0.038460
958	7.888306	6.094857	9.351679	0.883321	0.574332	0.038421
959	7.973081	6.270673	9.414890	0.884684	0.574731	0.038383
960	7.914384	6.093812	9.235369	0.888875	0.564091	0.038345
961	7.990170	6.218812	9.776668	0.872945	0.593674	0.038306
962	7.823192	6.124171	9.828454	0.864889	0.605620	0.038268
963	7.885649	6.261233	9.677608	0.872009	0.590664	0.038230
964	7.862727	6.158969	9.578163	0.874349	0.588341	0.038192
965	7.968566	6.094354	9.388134	0.885478	0.575935	0.038154
966	7.833656	6.189591	9.680292	0.869873	0.596981	0.038115
967	7.979356	6.075650	9.376877	0.886373	0.571450	0.038077
968	7.878819	6.174114	9.368310	0.882304	0.574978	0.038039
969	7.802508	6.190794	10.110558	0.856018	0.617247	0.038001
970	7.867014	6.244981	8.924863	0.899536	0.549190	0.037964
971	7.886114	6.176857	10.136080	0.858297	0.613567	0.037926
972	7.945555	6.221621	9.732779	0.872599	0.591979	0.037888
973	7.857714	6.241434	9.767788	0.868062	0.596441	0.037850
974	7.859096	6.242689	9.490018	0.877177	0.579167	0.037812
975	7.955801	6.175107	9.091309	0.896688	0.556984	0.037775
976	7.938525	6.094525	9.444961	0.882100	0.572585	0.037737
977	7.956522	6.314723	9.173594	0.893290	0.563535	0.037699
978	7.913911	6.293274	9.096923	0.894430	0.554308	0.037662
979	7.889661	5.984442	8.998751	0.897420	0.553322	0.037624
980	8.010076	6.116051	9.165877	0.896159	0.555409	0.037586
981	7.869526	6.183027	9.211233	0.887777	0.569395	0.037549
982	8.041435	6.180983	9.230153	0.894979	0.558345	0.037511
983	7.984785	6.190446	9.167088	0.894897	0.560176	0.037474
984	7.862033	6.186616	9.671329	0.871277	0.590800	0.037437
985	7.921080	6.331808	9.573842	0.876872	0.581213	0.037399
986	7.998691	6.277788	9.776993	0.873271	0.594828	0.037362
987	7.938246	6.256842	9.120979	0.894592	0.565402	0.037325
988	7.850895	6.154571	9.255434	0.885254	0.561306	0.037287
989	7.974088	6.125539	9.882666	0.868978	0.600247	0.037250
990	7.889798	6.173053	9.032063	0.895996	0.554938	0.037213
991	7.966620	6.305631	9.872095	0.869019	0.605740	0.037176
992	7.872971	6.301105	9.817119	0.867126	0.604996	0.037139
993	7.842071	6.240262	9.629145	0.871847	0.584294	0.037102
994	8.025424	6.273149	9.077788	0.900716	0.548044	0.037065
995	7.873737	6.212484	9.027073	0.895426	0.557135	0.037028
996	8.006859	6.179705	9.790133	0.873169	0.590637	0.036991
997	7.850579	6.344760	9.744547	0.868510	0.599686	0.036954
998	7.812094	6.320043	9.551991	0.873169	0.589178	0.036917
999	7.988856	6.233302	9.227439	0.892619	0.566610	0.036880
1000	7.866675	6.142697	9.176585	0.888997	0.566212	0.036843
1001	7.891066	6.371489	9.574256	0.875631	0.586035	0.036806
1002	7.836711	6.321963	9.669364	0.870341	0.588981	0.036770
1003	7.940387	6.389145	9.113194	0.895020	0.555107	0.036733
1004	7.927648	6.265490	9.489820	0.880046	0.583431	0.036696
1005	7.957797	6.206297	10.270493	0.857137	0.620237	0.036660
1006	7.877550	6.336192	9.679653	0.871623	0.592686	0.036623
1007	7.985829	6.127689	10.150762	0.861471	0.611260	0.036587
1008	7.931760	6.328238	9.326878	0.886149	0.573559	0.036550
1009	7.994479	6.232492	9.763040	0.873556	0.591823	0.036514
1010	7.990999	6.365414	9.654724	0.876994	0.584447	0.036477
1011	7.932093	6.195921	9.050927	0.897257	0.550319	0.036441
1012	7.952890	6.220265	9.843941	0.869364	0.597594	0.036404
1013	7.937873	6.247588	9.549459	0.878398	0.586535	0.036368
1014	7.886519	6.260920	9.785886	0.868612	0.601810	0.036332
1015	8.000108	6.173491	9.260212	0.891825	0.561266	0.036296
1016	7.886074	6.159008	9.473683	0.878866	0.586854	0.036259
1017	7.889049	6.157405	9.913235	0.864827	0.599271	0.036223
1018	7.940390	6.263320	10.216892	0.857992	0.616068	0.036187
1019	7.919444	6.290262	9.892469	0.866597	0.598288	0.036151
1020	7.930447	6.254573	10.171092	0.858907	0.612624	0.036115
1021	7.925640	6.305281	9.000584	0.899129	0.551877	0.036079
1022	7.945238	6.182312	9.096010	0.895976	0.558055	0.036043
1023	7.922917	6.192443	9.751334	0.871114	0.592794	0.036007
1024	7.959370	6.284333	9.020432	0.899943	0.547047	0.035971
1025	7.881782	6.370503	9.883066	0.865458	0.594641	0.035935
1026	7.908726	6.312115	10.276075	0.855265	0.621275	0.035899
1027	7.958120	6.324546	9.744383	0.872721	0.591605	0.035863
1028	7.833642	6.343051	9.991170	0.860494	0.611537	0.035827
1029	7.835807	6.307915	9.663789	0.870483	0.589625	0.035792
1030	7.936416	6.301143	9.750075	0.871684	0.601901	0.035756
1031	7.968061	6.332378	9.235332	0.891337	0.563215	0.035720
1032	7.966335	6.375341	9.103347	0.896688	0.556821	0.035685
1033	7.829306	6.321797	10.169140	0.855367	0.611516	0.035649
1034	7.912947	6.271258	9.244155	0.888468	0.567981	0.035613
1035	7.952206	6.308130	9.768836	0.871704	0.602033	0.035578
1036	7.976837	6.199947	9.901926	0.868490	0.605810	0.035542
1037	7.921232	6.206843	9.618771	0.875366	0.584059	0.035507
1038	7.976549	6.278512	9.482813	0.882365	0.577940	0.035471
1039	7.917792	6.314044	9.630487	0.874837	0.585509	0.035436
1040	7.992750	6.439797	9.965130	0.867167	0.604805	0.035401
1041	7.963913	6.203224	9.605795	0.877543	0.587937	0.035365
1042	7.928689	6.288081	9.928984	0.865845	0.608187	0.035330
1043	7.942963	6.246724	9.516870	0.879740	0.577141	0.035295
1044	7.934018	6.350896	9.899264	0.866943	0.601101	0.035260
1045	8.024956	6.296844	9.170816	0.896667	0.554590	0.035224
1046	7.885806	6.415005	9.813913	0.867716	0.593982	0.035189
1047	8.008810	6.302471	9.191723	0.895020	0.556745	0.035154
1048	7.883674	6.441408	9.374644	0.882284	0.570837	0.035119
1049	7.961734	6.396495	9.429783	0.883647	0.580912	0.035084
1050	7.923168	6.368076	9.799992	0.869588	0.594225	0.035049
1051	7.852879	6.429115	9.073851	0.892476	0.553524	0.035014
1052	7.973991	6.398391	9.062475	0.898824	0.552468	0.034979
1053	7.967904	6.300416	9.010451	0.900818	0.551125	0.034944
1054	8.005841	6.299395	9.226454	0.893453	0.566748	0.034909
1055	7.972664	6.388213	9.722034	0.874023	0.592405	0.034874
1056	8.090891	6.409891	9.205296	0.898397	0.560527	0.034840
1057	7.938160	6.437631	9.074967	0.896525	0.556043	0.034805
1058	7.962504	6.419520	8.968821	0.902425	0.546975	0.034770
1059	7.905669	6.332294	9.573833	0.876241	0.583435	0.034735
1060	7.913720	6.434552	9.022898	0.897563	0.560114	0.034701
1061	8.088844	6.498504	9.184039	0.899211	0.556456	0.034666
1062	7.956794	6.467254	9.078638	0.897278	0.558038	0.034632
1063	7.958959	6.288638	9.050519	0.898600	0.555947	0.034597
1064	7.901567	6.400280	9.590031	0.875529	0.585263	0.034562
1065	7.932937	6.371846	9.955389	0.865214	0.604649	0.034528
1066	7.957128	6.288485	8.972132	0.901998	0.549754	0.034494
1067	8.049289	6.341389	9.139597	0.899190	0.559962	0.034459
1068	7.931489	6.345174	9.547688	0.878194	0.584089	0.034425
1069	7.978686	6.376180	9.461634	0.883219	0.580841	0.034390
1070	7.924882	6.224468	9.620155	0.875468	0.585774	0.034356
1071	8.071689	6.424419	9.810807	0.875061	0.597780	0.034322
1072	7.975904	6.426864	9.369032	0.886515	0.578100	0.034287
1073	7.933859	6.388803	8.969238	0.900940	0.551941	0.034253
1074	7.869255	6.386477	8.848896	0.903117	0.545850	0.034219
1075	7.931655	6.406902	9.439618	0.881999	0.575231	0.034185
1076	7.992014	6.411160	10.001464	0.866048	0.608639	0.034151
1077	7.930337	6.346413	9.879310	0.867411	0.599119	0.034117
1078	7.966594	6.384257	9.820559	0.870626	0.600049	0.034083
1079	7.950298	6.477755	9.176893	0.892863	0.567684	0.034049
1080	7.975977	6.441960	9.063799	0.898865	0.551404	0.034015
1081	8.078001	6.335091	9.232891	0.896606	0.558042	0.033981
1082	8.038969	6.476509	9.759884	0.875427	0.593302	0.033947
1083	7.876440	6.435796	9.837418	0.866638	0.595436	0.033913
1084	7.859188	6.413576	9.594735	0.873657	0.584770	0.033879
1085	7.961621	6.332976	9.414075	0.884216	0.574540	0.033845
1086	7.916138	6.391898	9.833817	0.868266	0.602306	0.033812
1087	7.956419	6.362094	9.223878	0.891256	0.558488	0.033778
1088	7.901403	6.480182	9.608107	0.874919	0.588087	0.033744
1089	7.909870	6.446351	9.105995	0.893860	0.553732	0.033710
1090	7.971942	6.538055	9.764468	0.872620	0.597857	0.033677
1091	7.902059	6.450523	9.892936	0.865926	0.597327	0.033643
1092	7.873992	6.415964	9.777532	0.868388	0.592970	0.033610
1093	7.911805	6.499506	9.605497	0.875427	0.586416	0.033576
1094	7.937864	6.419485	9.473803	0.881042	0.574144	0.033542
1095	7.886073	6.427569	9.501265	0.877909	0.587946	0.033509
1096	7.941904	6.431915	9.801096	0.870280	0.597926	0.033476
1097	7.975858	6.460446	9.635225	0.877035	0.590204	0.033442
1098	7.946403	6.455579	9.223506	0.890808	0.561818	0.033409
1099	7.944362	6.482578	9.569116	0.877991	0.585895	0.033375
1100	7.915776	6.493900	9.501760	0.879130	0.579530	0.033342
1101	7.973270	6.446579	9.675218	0.875590	0.589321	0.033309
1102	7.964025	6.510481	9.377871	0.885661	0.572022	0.033276
1103	7.872611	6.482702	9.764062	0.868754	0.595114	0.033242
1104	7.891681	6.412639	9.238220	0.887736	0.565270	0.033209
1105	7.940716	6.529937	9.206182	0.891235	0.560641	0.033176
1106	7.844707	6.549724	9.697801	0.869751	0.590084	0.033143
1107	7.926699	6.519156	9.575838	0.877035	0.586488	0.033110
1108	7.945545	6.452692	9.332293	0.886556	0.573621	0.033077
1109	7.867076	6.478920	9.596969	0.873901	0.588963	0.033044
1110	7.859499	6.552548	9.297706	0.884054	0.568863	0.033011
1111	7.907055	6.528472	9.529504	0.877808	0.581926	0.032978
1112	7.946601	6.544889	9.486526	0.880961	0.579921	0.032945
1113	7.987734	6.515796	9.418404	0.885193	0.578848	0.032912
1114	8.025838	6.539382	9.768749	0.874613	0.591435	0.032879
1115	8.067242	6.532330	9.690727	0.878886	0.590202	0.032846
1116	7.994490	6.560247	9.582125	0.879618	0.585013	0.032814
1117	7.925429	6.586312	9.575502	0.876994	0.585015	0.032781
1118	7.877839	6.551379	9.269381	0.885925	0.567587	0.032748
1119	7.976801	6.457733	9.520849	0.881022	0.578397	0.032716
1120	7.931879	6.605502	9.672300	0.874023	0.592680	0.032683
1121	7.946084	6.496318	9.388521	0.884481	0.577741	0.032650
1122	7.915604	6.467877	9.517962	0.878560	0.587694	0.032618
1123	8.025721	6.630835	10.004885	0.867208	0.606946	0.032585
1124	7.956404	6.554886	9.234602	0.890828	0.567162	0.032553
1125	8.029827	6.500870	9.922707	0.869873	0.598458	0.032520
1126	7.875706	6.526433	9.475843	0.878357	0.576826	0.032488
1127	7.944080	6.595631	9.655090	0.875081	0.588985	0.032455
1128	8.005159	6.563604	9.614373	0.878947	0.584680	0.032423
1129	7.864388	6.446763	9.730515	0.869486	0.596023	0.032391
1130	8.042717	6.618566	9.862028	0.872274	0.598802	0.032358
1131	7.892411	6.511987	8.977160	0.898499	0.552277	0.032326
1132	7.898825	6.502564	9.539183	0.877136	0.581819	0.032294
1133	7.903891	6.567356	9.705685	0.871826	0.594069	0.032261
1134	7.863759	6.523908	9.686148	0.870870	0.594007	0.032229
1135	7.958457	6.494210	9.308425	0.888041	0.564317	0.032197
1136	7.878341	6.582567	9.085427	0.893209	0.557620	0.032165
1137	7.984058	6.551140	9.238585	0.891947	0.560682	0.032133
1138	7.946523	6.535783	9.286015	0.888367	0.571922	0.032101
1139	7.951579	6.393897	9.693839	0.874105	0.588155	0.032069
1140	7.908382	6.498891	8.957183	0.900187	0.546134	0.032037
1141	7.880033	6.500825	9.862671	0.866007	0.599262	0.032005
1142	7.888329	6.420682	9.292521	0.885518	0.571330	0.031973
1143	7.964292	6.431645	9.819660	0.870565	0.593816	0.031941
1144	7.865606	6.526163	9.302736	0.884135	0.577629	0.031909
1145	7.865800	6.673355	9.771286	0.868266	0.596400	0.031877
1146	7.929719	6.588114	9.189877	0.891378	0.567635	0.031845
1147	7.940892	6.506392	9.741602	0.872131	0.586109	0.031814
1148	7.946938	6.521740	9.298660	0.887899	0.566567	0.031782
1149	7.951681	6.572449	9.082309	0.896871	0.552015	0.031750
1150	7.859786	6.569634	9.632713	0.872437	0.583670	0.031718
1151	8.048220	6.552235	9.773592	0.875346	0.594523	0.031687
1152	8.005507	6.471206	9.343814	0.888794	0.572444	0.031655
1153	7.980928	6.498867	9.173958	0.894430	0.553811	0.031624
1154	8.045942	6.676941	9.676477	0.878499	0.589757	0.031592
1155	8.015897	6.639046	9.863187	0.871195	0.601503	0.031560
1156	7.990239	6.594144	9.267188	0.891093	0.566129	0.031529
1157	7.958431	6.690409	9.620192	0.876831	0.587243	0.031497
1158	7.942695	6.501886	9.671252	0.874491	0.588940	0.031466
1159	8.021195	6.575335	9.257215	0.892924	0.561028	0.031435
1160	8.008944	6.568313	9.244084	0.892883	0.561647	0.031403
1161	8.005726	6.591343	9.221328	0.893656	0.560907	0.031372
1162	7.995880	6.653168	9.272190	0.891154	0.568740	0.031341
1163	7.959331	6.613681	9.784616	0.871480	0.601096	0.031309
1164	7.948991	6.638176	9.312226	0.887472	0.571996	0.031278
1165	7.977550	6.497239	9.321213	0.888407	0.568900	0.031247
1166	7.992051	6.478540	9.997424	0.866170	0.616107	0.031216
1167	7.940711	6.545142	9.160340	0.893087	0.565036	0.031185
1168	7.892358	6.674159	9.745097	0.870117	0.611099	0.031153
1169	7.967643	6.463215	9.208473	0.892395	0.564538	0.031122
1170	7.975997	6.610230	9.090590	0.897705	0.552646	0.031091
1171	7.909232	6.597903	9.420288	0.881734	0.580047	0.031060
1172	7.969650	6.631796	9.295134	0.889058	0.564419	0.031029
1173	7.915030	6.701994	9.755070	0.870687	0.589975	0.030998
1174	7.902429	6.512795	9.416151	0.881592	0.584101	0.030967
1175	7.938936	6.603008	9.606263	0.876506	0.587234	0.030936
1176	7.904226	6.567189	9.145205	0.891988	0.562531	0.030906
1177	8.103394	6.721625	9.198202	0.899312	0.559772	0.030875
1178	7.937220	6.521132	9.168799	0.892578	0.559419	0.030844
1179	8.036584	6.659816	9.274471	0.892944	0.564481	0.030813
1180	7.998757	6.681196	9.143762	0.896545	0.553873	0.030782
1181	8.048891	6.697495	9.964755	0.869303	0.605781	0.030752
1182	7.985949	6.737827	9.222067	0.892700	0.564505	0.030721
1183	7.996630	6.775072	9.166992	0.895467	0.557086	0.030690
1184	7.951233	6.683080	9.897335	0.867655	0.601421	0.030660
1185	7.903478	6.732063	9.127828	0.892660	0.558049	0.030629
1186	7.890657	6.764692	9.495008	0.878316	0.582000	0.030599
1187	8.046290	6.650604	9.254063	0.894226	0.564551	0.030568
1188	7.916060	6.716882	9.089159	0.894857	0.551323	0.030537
1189	7.959885	6.737514	9.578903	0.878296	0.587281	0.030507
1190	7.960525	6.661813	9.155916	0.894206	0.561242	0.030477
1191	7.964510	6.615938	9.267753	0.889893	0.564684	0.030446
1192	8.015620	6.769018	9.225246	0.893962	0.560045	0.030416
1193	7.933707	6.698419	9.593311	0.876729	0.582391	0.030385
1194	7.989100	6.762016	9.743950	0.873962	0.591410	0.030355
1195	7.976032	6.578053	9.271825	0.890259	0.569887	0.030325
1196	7.969959	6.663850	8.973213	0.902608	0.544575	0.030295
1197	7.969220	6.738221	9.091866	0.897319	0.555140	0.030264
1198	7.945576	6.573481	9.948774	0.865885	0.600865	0.030234
1199	7.964514	6.706028	9.395415	0.885030	0.575211	0.030204
1200	8.099739	6.640340	9.754455	0.878052	0.593272	0.030174
1201	7.942373	6.668016	9.348027	0.885824	0.579236	0.030144
1202	8.079742	6.727744	9.664814	0.880290	0.583799	0.030114
1203	8.109954	6.817987	9.695642	0.880473	0.590740	0.030083
1204	7.958305	6.551726	9.593059	0.877747	0.578992	0.030053
1205	8.075403	6.648401	9.483721	0.886597	0.583196	0.030023
1206	8.029755	6.719502	9.736372	0.875834	0.596673	0.029994
1207	8.002625	6.677433	9.323608	0.889445	0.566394	0.029964
1208	8.061007	6.590711	9.350821	0.891032	0.570630	0.029934
1209	8.038318	6.562508	9.700375	0.877380	0.593140	0.029904
1210	7.992811	6.727979	9.217937	0.893188	0.562680	0.029874
1211	8.122274	6.738196	9.361654	0.893412	0.566419	0.029844
1212	8.089556	6.707618	9.613135	0.882507	0.585579	0.029814
1213	8.024365	6.745470	9.480455	0.884501	0.571871	0.029785
1214	8.039018	6.829092	10.063715	0.865946	0.610056	0.029755
1215	7.982744	6.711947	9.408127	0.885356	0.572971	0.029725
1216	7.982705	6.725132	9.392225	0.885946	0.571841	0.029696
1217	8.107974	6.659526	9.393346	0.891500	0.568141	0.029666
1218	8.185533	6.685492	9.534565	0.889526	0.574589	0.029636
1219	7.963607	6.690440	9.662270	0.875631	0.587290	0.029607
1220	8.034943	6.821088	9.303606	0.891703	0.561852	0.029577
1221	8.069627	6.813164	9.289910	0.893860	0.562643	0.029548
1222	8.173796	6.722990	10.214350	0.866475	0.613715	0.029518
1223	8.203569	6.813433	9.472338	0.892741	0.569790	0.029489
1224	8.076661	6.716111	10.203878	0.863241	0.621767	0.029459
1225	7.987563	6.732455	9.546420	0.880575	0.589049	0.029430
1226	8.121233	6.812033	9.754983	0.878906	0.591638	0.029400
1227	8.075609	6.646581	9.646378	0.880758	0.584432	0.029371
1228	8.048389	6.713559	10.130890	0.864319	0.614522	0.029342
1229	8.152686	6.698058	9.655944	0.883647	0.583017	0.029313
1230	8.074855	6.849290	9.913038	0.871908	0.605460	0.029283
1231	8.115867	6.848232	9.710983	0.880188	0.592965	0.029254
1232	8.102813	6.813008	9.442459	0.889364	0.575341	0.029225
1233	8.107731	6.909874	10.206995	0.864278	0.620642	0.029196
1234	8.097315	6.779730	9.621780	0.882528	0.584374	0.029167
1235	8.053900	6.887331	9.031277	0.904277	0.550540	0.029137
1236	8.142935	6.837978	9.380894	0.893595	0.573519	0.029108
1237	8.126653	6.910925	9.097840	0.904968	0.554468	0.029079
1238	8.160070	6.747925	9.931499	0.874634	0.597792	0.029050
1239	8.133607	6.854712	9.051082	0.907532	0.549941	0.029021
1240	8.101087	6.793888	9.295149	0.895121	0.563223	0.028992
1241	8.097092	6.878384	9.601477	0.883240	0.586739	0.028963
1242	8.077384	6.980054	9.849731	0.874023	0.596471	0.028935
1243	8.086643	6.883573	9.542277	0.884928	0.576955	0.028906
1244	8.217991	6.890898	9.385008	0.896932	0.568108	0.028877
1245	8.174637	6.890118	9.404205	0.894124	0.571575	0.028848
1246	8.217459	6.969113	9.404675	0.896098	0.565860	0.028819
1247	8.113102	6.853680	9.194191	0.899963	0.562568	0.028790
1248	8.176263	6.883114	9.240019	0.901082	0.561279	0.028762
1249	8.173211	6.852572	9.850272	0.877808	0.601009	0.028733
1250	8.261812	6.827804	9.414387	0.897786	0.567832	0.028704
1251	8.253484	6.887832	9.394170	0.898234	0.564590	0.028676
1252	8.152084	6.913130	9.703703	0.881938	0.593226	0.028647
1253	8.221836	6.875091	9.314571	0.900085	0.565082	0.028618
1254	8.087887	6.831673	9.223399	0.897481	0.563817	0.028590
1255	8.118335	6.891188	9.025189	0.907959	0.547676	0.028561
1256	8.103057	6.907247	9.275215	0.896037	0.567654	0.028533
1257	8.113996	6.933688	9.199420	0.899780	0.558330	0.028504
1258	8.129532	6.762110	9.450263	0.890259	0.574751	0.028476
1259	8.169174	6.834828	9.527304	0.889079	0.576644	0.028448
1260	8.111002	6.797446	9.327986	0.894246	0.568545	0.028419
1261	8.248620	6.784358	9.269100	0.903402	0.560238	0.028391
1262	8.096379	6.955287	9.380949	0.891459	0.575277	0.028362
1263	8.236403	6.933616	9.308452	0.901062	0.560023	0.028334
1264	8.158803	6.824155	9.418594	0.892822	0.571706	0.028306
1265	8.233827	6.896545	9.515591	0.892415	0.572896	0.028278
1266	8.172450	6.864301	9.484829	0.890849	0.574974	0.028249
1267	8.174260	6.923380	9.258791	0.900167	0.565874	0.028221
1268	8.146504	6.861191	9.517003	0.888468	0.573449	0.028193
1269	8.097366	6.910912	9.344615	0.892944	0.570534	0.028165
1270	8.135827	6.914579	9.239753	0.899109	0.568984	0.028137
1271	8.268953	6.840391	9.759118	0.884867	0.589559	0.028109
1272	8.211495	6.876838	9.223760	0.903564	0.561384	0.028081
1273	8.188982	6.741365	9.391994	0.895284	0.573946	0.028053
1274	8.229247	6.930515	9.371923	0.898010	0.568774	0.028025
1275	8.208934	6.875423	9.685448	0.884969	0.587984	0.027997
1276	8.246425	6.890231	9.679546	0.886780	0.587672	0.027969
1277	8.176238	6.901508	9.474001	0.891439	0.573289	0.027941
1278	8.169678	6.924919	9.510223	0.889750	0.583260	0.027913
1279	8.245557	6.922099	9.676855	0.886841	0.584446	0.027885
1280	8.172342	6.901994	9.352545	0.896118	0.571343	0.027857
1281	8.176089	6.885196	9.887635	0.876689	0.608938	0.027829
1282	8.195680	6.850969	9.312510	0.898905	0.564035	0.027802
1283	8.196543	6.770737	9.740273	0.882507	0.593459	0.027774
1284	8.171815	6.874091	9.545489	0.888509	0.579597	0.027746
1285	8.208510	6.841205	9.709436	0.884094	0.595708	0.027718
1286	8.117438	6.850280	9.562412	0.885518	0.586224	0.027691
1287	8.213105	6.849827	9.353540	0.898010	0.569437	0.027663
1288	8.155576	6.923229	9.573460	0.886759	0.588464	0.027636
1289	8.262137	6.844977	9.715927	0.886129	0.587127	0.027608
1290	8.185415	7.060920	9.644176	0.885457	0.585240	0.027580
1291	8.281507	6.886100	10.022039	0.876465	0.602541	0.027553
1292	8.190176	6.935750	9.427670	0.893901	0.574099	0.027525
1293	8.217374	6.808736	9.642671	0.886882	0.588075	0.027498
1294	8.235985	6.972727	9.504068	0.892965	0.580305	0.027471
1295	8.240477	6.778974	9.406745	0.897095	0.569533	0.027443
1296	8.181202	6.879858	9.691440	0.883586	0.591362	0.027416
1297	8.281307	6.923930	9.404972	0.899109	0.566531	0.027388
1298	8.206990	6.811918	9.584948	0.888570	0.578098	0.027361
1299	8.260632	6.951805	10.064810	0.874288	0.608335	0.027334
1300	8.238338	6.880163	9.770126	0.883199	0.597758	0.027306
1301	8.223687	6.941443	9.394962	0.896790	0.571788	0.027279
1302	8.293253	6.897324	10.203123	0.871236	0.610873	0.027252
1303	8.184738	6.931944	9.882620	0.877197	0.604818	0.027225
1304	8.179508	7.076586	9.431202	0.893270	0.570201	0.027198
1305	8.224475	6.968449	9.449854	0.894592	0.573221	0.027170
1306	8.187051	6.999276	9.854105	0.878235	0.595276	0.027143
1307	8.253473	7.021577	9.696762	0.886454	0.583093	0.027116
1308	8.251252	7.029631	9.776736	0.883504	0.590222	0.027089
1309	8.274761	6.979736	9.486334	0.895447	0.573566	0.027062
1310	8.232015	6.908239	9.454971	0.894735	0.576790	0.027035
1311	8.282732	6.948235	9.910645	0.880188	0.596302	0.027008
1312	8.195324	6.877355	9.406790	0.894979	0.577920	0.026981
1313	8.248042	7.019038	10.032812	0.874817	0.604396	0.026954
1314	8.123222	6.791449	9.904993	0.874044	0.614163	0.026927
1315	8.098867	6.926985	10.010010	0.869812	0.603337	0.026901
1316	8.234479	7.010568	9.812397	0.881571	0.599060	0.026874
1317	8.220712	6.944711	10.119181	0.871073	0.612749	0.026847
1318	8.214130	6.897374	9.972542	0.875427	0.614410	0.026820
1319	8.198932	7.055905	9.420506	0.894592	0.569911	0.026793
1320	8.222932	7.031340	9.719625	0.884338	0.585452	0.026767
1321	8.256135	6.981080	10.052906	0.874491	0.609879	0.026740
1322	8.207051	6.933337	9.342287	0.898193	0.572991	0.026713
1323	8.177573	6.887824	9.504517	0.890320	0.579252	0.026686
1324	8.130723	6.940527	9.571380	0.885763	0.585888	0.026660
1325	8.167181	7.050847	9.487150	0.890523	0.579402	0.026633
1326	8.210022	7.000655	9.306869	0.899841	0.563895	0.026607
1327	8.167979	6.882673	9.788270	0.879679	0.597253	0.026580
1328	8.149281	7.003062	9.782049	0.879130	0.592602	0.026554
1329	8.335849	6.904016	9.973594	0.880208	0.602565	0.026527
1330	8.210740	6.870628	9.779399	0.881734	0.589794	0.026501
1331	8.244175	6.873900	9.816860	0.881816	0.599303	0.026474
1332	8.220312	6.913199	9.813278	0.880961	0.594499	0.026448
1333	8.195794	6.971335	9.584929	0.888082	0.583212	0.026421
1334	8.229455	6.972853	9.462177	0.894328	0.583981	0.026395
1335	8.229026	6.958293	9.861427	0.879679	0.597516	0.026369
1336	8.177615	6.926213	9.627699	0.885722	0.581744	0.026342
1337	8.156477	7.004996	9.760170	0.880168	0.589439	0.026316
1338	8.184611	6.938004	9.561522	0.888468	0.576592	0.026290
1339	8.176800	7.022793	9.285332	0.899150	0.563776	0.026264
1340	8.203891	6.940232	9.414110	0.895081	0.570907	0.026237
1341	8.168148	6.971017	9.442272	0.892314	0.572978	0.026211
1342	8.228851	7.006278	9.754242	0.883362	0.593604	0.026185
1343	8.255953	6.897707	9.773050	0.883830	0.586113	0.026159
1344	8.176711	7.025626	9.353100	0.896301	0.568373	0.026133
1345	8.118166	6.956697	9.250701	0.897786	0.559277	0.026107
1346	8.111211	7.025791	10.043244	0.869263	0.608871	0.026081
1347	8.138160	6.999760	9.663968	0.882751	0.595637	0.026055
1348	8.270281	7.047236	9.539493	0.893127	0.582856	0.026029
1349	8.170308	7.091580	9.901172	0.876017	0.600109	0.026003
1350	8.194356	7.010129	9.854968	0.878499	0.599400	0.025977
1351	8.242631	7.033432	9.906296	0.878723	0.596146	0.025951
1352	8.168534	7.040751	9.932306	0.874939	0.597705	0.025925
1353	8.274017	7.135784	9.443055	0.897176	0.572549	0.025899
1354	8.228347	6.992542	9.302626	0.900920	0.565008	0.025873
1355	8.236399	7.052230	9.239975	0.904093	0.561527	0.025847
1356	8.167006	6.891681	9.616886	0.885661	0.583915	0.025821
1357	8.204651	7.075671	9.429605	0.894491	0.573913	0.025796
1358	8.191744	6.965715	9.541800	0.889526	0.579364	0.025770
1359	8.204055	6.944471	9.784401	0.881287	0.591030	0.025744
1360	8.231872	6.993115	10.014419	0.874776	0.604816	0.025719
1361	8.137829	6.998815	9.647491	0.883321	0.589450	0.025693
1362	8.221694	6.956477	9.602664	0.888550	0.581217	0.025667
1363	8.238794	7.098535	9.950376	0.877116	0.602346	0.025642
1364	8.284186	7.062246	9.501689	0.895264	0.573431	0.025616
1365	8.242613	6.982467	9.844671	0.880798	0.594643	0.025590
1366	8.162566	6.990541	9.825851	0.878194	0.602276	0.025565
1367	8.338079	7.026882	10.052719	0.877686	0.603498	0.025539
1368	8.232498	7.021812	9.448955	0.894999	0.574332	0.025514
1369	8.270646	7.025301	9.960894	0.878031	0.599484	0.025488
1370	8.179195	7.117227	9.499519	0.890584	0.576012	0.025463
1371	8.257057	7.049783	9.880525	0.880168	0.601229	0.025438
1372	8.250030	6.872393	9.826196	0.881734	0.595696	0.025412
1373	8.151013	7.064881	9.387152	0.893717	0.570250	0.025387
1374	8.247396	7.023287	9.853970	0.880676	0.600156	0.025362
1375	8.161194	7.120792	9.254347	0.899719	0.559751	0.025336
1376	8.179180	7.052967	9.360371	0.896118	0.569094	0.025311
1377	8.207145	6.997308	9.562427	0.889425	0.579713	0.025286
1378	8.152577	7.063890	9.784202	0.879191	0.601857	0.025260
1379	8.263945	7.038824	9.828598	0.882222	0.600256	0.025235
1380	8.206078	7.011684	9.513308	0.891256	0.573065	0.025210
1381	8.152113	7.022710	9.617281	0.885010	0.587454	0.025185
1382	8.184434	7.066332	9.895866	0.876750	0.600691	0.025160
1383	8.176198	6.996876	9.529049	0.889323	0.580328	0.025135
1384	8.117922	6.987634	9.223680	0.898926	0.565086	0.025110
1385	8.177673	7.053873	10.022956	0.872416	0.604841	0.025084
1386	8.201840	7.024894	9.636657	0.886434	0.583121	0.025059
1387	8.198369	6.974069	9.400257	0.895386	0.568475	0.025034
1388	8.188844	6.998101	10.225519	0.866699	0.618623	0.025009
1389	8.226009	7.030833	9.879011	0.878967	0.599736	0.024985
1390	8.148182	6.928039	9.443579	0.891357	0.572636	0.024960
1391	8.223006	6.901834	9.338760	0.899109	0.565613	0.024935
1392	8.255006	6.984521	9.452645	0.895894	0.576513	0.024910
1393	8.347153	7.053338	10.110383	0.876180	0.605693	0.024885
1394	8.163723	6.985099	9.527941	0.888814	0.583549	0.024860
1395	8.199883	6.926066	9.872608	0.878133	0.598955	0.024835
1396	8.199191	6.973744	9.323698	0.898600	0.565672	0.024810
1397	8.244816	7.024009	9.326891	0.900675	0.562316	0.024786
1398	8.288134	7.022294	9.900841	0.880737	0.597454	0.024761
1399	8.199885	7.161072	9.660662	0.885478	0.581797	0.024736
1400	8.302957	6.959763	9.771293	0.885864	0.592569	0.024712
1401	8.199809	7.035145	9.390932	0.895833	0.574214	0.024687
1402	8.308985	7.145296	9.576855	0.893412	0.579861	0.024662
1403	8.192530	7.047267	9.349566	0.897196	0.567220	0.024638
1404	8.189146	7.083093	9.400201	0.894958	0.576102	0.024613
1405	8.168745	7.011835	9.435734	0.892598	0.573663	0.024589
1406	8.230921	6.942764	10.058908	0.873332	0.610291	0.024564
1407	8.365067	7.033809	9.820503	0.886719	0.599613	0.024539
1408	8.292834	7.064026	10.105984	0.874227	0.614410	0.024515
1409	8.325773	7.174073	10.123497	0.874939	0.610100	0.024491
1410	8.283011	7.036246	9.980742	0.877869	0.598751	0.024466
1411	8.272499	6.966186	10.234787	0.869507	0.622587	0.024442
1412	8.233501	7.135296	9.706489	0.885254	0.591127	0.024417
1413	8.350854	6.969340	10.153994	0.874939	0.609149	0.024393
1414	8.294030	7.039778	9.949076	0.879354	0.598382	0.024369
1415	8.286494	6.977593	9.851288	0.882365	0.597073	0.024344
1416	8.295180	6.934046	9.819486	0.883830	0.595118	0.024320
1417	8.321449	6.993479	9.923809	0.881307	0.606667	0.024296
1418	8.307920	7.061342	9.815464	0.884501	0.591598	0.024271
1419	8.265810	7.060673	9.819652	0.882609	0.588613	0.024247
1420	8.310093	7.049500	9.982450	0.878886	0.601147	0.024223
1421	8.314172	7.045129	9.996594	0.878581	0.610267	0.024199
1422	8.370826	7.112676	9.934335	0.882955	0.593685	0.024175
1423	8.295942	7.068504	9.983932	0.878276	0.597152	0.024151
1424	8.310300	7.101808	10.175611	0.872721	0.610692	0.024126
1425	8.298489	7.015094	10.004366	0.877706	0.604239	0.024102
1426	8.347973	7.107101	9.867424	0.884338	0.592498	0.024078
1427	8.273779	7.079251	9.977680	0.877604	0.600677	0.024054
1428	8.397213	7.129868	10.318196	0.871623	0.619724	0.024030
1429	8.258065	7.087985	9.785389	0.883484	0.595459	0.024006
1430	8.293894	6.920904	9.895132	0.881165	0.598679	0.023982
1431	8.422746	7.125372	10.033115	0.881694	0.600872	0.023958
1432	8.346624	6.997608	10.101477	0.876444	0.614084	0.023934
1433	8.263051	7.183258	9.725459	0.885824	0.586074	0.023911
1434	8.285385	7.071615	9.827673	0.883138	0.595828	0.023887
1435	8.349390	7.080132	10.180769	0.874044	0.612434	0.023863
1436	8.345883	7.093674	9.974064	0.880595	0.598323	0.023839
1437	8.473697	7.132849	9.929761	0.887370	0.592954	0.023815
1438	8.333024	7.131422	10.091998	0.876221	0.603578	0.023792
1439	8.342460	7.163082	9.840113	0.885071	0.594271	0.023768
1440	8.325541	7.246188	9.765668	0.887024	0.594815	0.023744
1441	8.221096	7.124248	9.932105	0.877014	0.606158	0.023720
1442	8.387146	7.073993	9.803694	0.888265	0.588853	0.023697
1443	8.278453	7.125618	9.662390	0.888794	0.581062	0.023673
1444	8.262059	7.096249	10.064618	0.874349	0.609830	0.023649
1445	8.311967	7.095170	10.146197	0.873698	0.610029	0.023626
1446	8.344518	7.117190	9.883148	0.883647	0.596509	0.023602
1447	8.389757	7.099106	9.887815	0.885356	0.593351	0.023579
1448	8.321902	7.160865	9.817012	0.885030	0.588713	0.023555
1449	8.391260	7.095890	10.142763	0.876851	0.611530	0.023532
1450	8.337381	7.154484	10.121536	0.875448	0.605444	0.023508
1451	8.339389	7.160445	9.539686	0.896281	0.574502	0.023485
1452	8.309525	7.085986	9.776753	0.885946	0.584766	0.023461
1453	8.340482	7.102886	9.917845	0.882284	0.597811	0.023438
1454	8.325641	7.112663	9.840449	0.884359	0.597516	0.023414
1455	8.293695	7.126068	9.909889	0.880656	0.600781	0.023391
1456	8.267719	7.096073	9.806135	0.883158	0.588340	0.023368
1457	8.335383	7.145430	10.054475	0.877523	0.601804	0.023344
1458	8.281565	7.103536	9.766573	0.885132	0.591629	0.023321
1459	8.296364	7.136862	9.911876	0.880697	0.596183	0.023298
1460	8.312103	7.051858	9.779219	0.885966	0.591179	0.023275
1461	8.262040	7.139163	10.058170	0.874552	0.607006	0.023251
1462	8.311568	7.203080	9.771793	0.886210	0.588191	0.023228
1463	8.303684	7.113880	9.865234	0.882589	0.597552	0.023205
1464	8.263569	7.238483	9.645563	0.888774	0.585461	0.023182
1465	8.241822	7.247134	9.776001	0.883138	0.591607	0.023159
1466	8.242235	7.039961	9.813370	0.881856	0.587725	0.023136
1467	8.299338	7.204154	9.877205	0.881999	0.598424	0.023112
1468	8.320811	7.167034	9.903950	0.881958	0.599734	0.023089
1469	8.245803	7.176386	9.777237	0.883260	0.598264	0.023066
1470	8.345345	7.117880	9.979486	0.880391	0.599976	0.023043
1471	8.276251	7.066755	10.161604	0.871867	0.612106	0.023020
1472	8.349132	7.093953	10.149318	0.875020	0.612009	0.022997
1473	8.277709	7.009234	9.950296	0.878662	0.602822	0.022974
1474	8.298079	7.090315	9.837470	0.883321	0.597181	0.022952
1475	8.254499	7.124808	9.600894	0.890055	0.584622	0.022929
1476	8.320377	7.245172	9.991728	0.878988	0.605416	0.022906
1477	8.320279	7.099108	10.127132	0.874613	0.613419	0.022883
1478	8.257813	7.115734	9.560614	0.891744	0.583163	0.022860
1479	8.274268	7.125133	9.903535	0.880086	0.597972	0.022837
1480	8.362226	7.041694	9.955038	0.881897	0.600773	0.022814
1481	8.384695	7.094825	9.813675	0.887797	0.592672	0.022792
1482	8.305474	7.172698	9.940279	0.880107	0.598484	0.022769
1483	8.271682	7.156899	9.572456	0.891907	0.582968	0.022746
1484	8.356065	7.059681	9.814461	0.886556	0.594229	0.022723
1485	8.284519	7.099891	10.053541	0.875570	0.604682	0.022701
1486	8.335875	7.134063	9.757648	0.887756	0.588837	0.022678
1487	8.328762	7.201521	9.914604	0.881917	0.595514	0.022656
1488	8.352054	7.162517	9.843380	0.885356	0.590802	0.022633
1489	8.360578	7.098277	10.002571	0.880229	0.601759	0.022610
1490	8.392514	7.210765	9.952969	0.883199	0.602016	0.022588
1491	8.330514	7.221010	9.741928	0.888102	0.588305	0.022565
1492	8.341760	7.124843	9.958261	0.880961	0.595225	0.022543
1493	8.295704	7.249147	9.950473	0.879374	0.606920	0.022520
1494	8.320363	7.235399	9.521439	0.896139	0.579389	0.022498
1495	8.288444	7.161747	9.637682	0.890157	0.588905	0.022475
1496	8.332643	7.185813	10.275852	0.870504	0.618625	0.022453
1497	8.243658	7.186022	9.683553	0.886515	0.583094	0.022430
1498	8.382690	7.016763	9.769158	0.889343	0.592208	0.022408
1499	8.402995	7.202747	9.905727	0.885274	0.592448	0.022386
1500	8.263210	7.188075	9.986109	0.876912	0.610914	0.022363
1501	8.311136	7.207160	9.860562	0.883057	0.593351	0.022341
1502	8.349293	7.165309	9.786785	0.887268	0.591270	0.022319
1503	8.330155	7.096379	9.680238	0.890381	0.588179	0.022296
1504	8.331245	7.281894	10.589819	0.861471	0.634130	0.022274
1505	8.355098	7.134318	9.920988	0.882772	0.603592	0.022252
1506	8.337602	7.112182	9.921554	0.882039	0.596775	0.022230
1507	8.438026	7.197060	9.746780	0.892598	0.588572	0.022208
1508	8.364052	7.123904	10.009167	0.880147	0.609233	0.022185
1509	8.358139	7.134892	10.102096	0.876872	0.603263	0.022163
1510	8.368923	7.205285	9.756411	0.889221	0.589364	0.022141
1511	8.365943	7.149177	9.837999	0.886129	0.597403	0.022119
1512	8.480680	7.296157	9.866727	0.889954	0.593601	0.022097
1513	8.408632	7.185583	10.013893	0.881775	0.606450	0.022075
1514	8.333719	7.206680	9.848259	0.884420	0.599421	0.022053
1515	8.317859	7.186048	10.019621	0.877970	0.609840	0.022031
1516	8.317113	7.213991	9.821712	0.884664	0.595036	0.022009
1517	8.441774	7.256364	9.877101	0.887919	0.592330	0.021987
1518	8.312358	7.147045	9.925566	0.880880	0.603352	0.021965
1519	8.399097	7.285081	9.868422	0.886434	0.597637	0.021943
1520	8.429174	7.292501	9.920406	0.885844	0.598984	0.021921
1521	8.364267	7.221166	9.944937	0.882324	0.595074	0.021899
1522	8.322336	7.167370	9.796374	0.885783	0.595395	0.021877
1523	8.384691	7.240827	9.909660	0.884379	0.602041	0.021856
1524	8.471072	7.238935	9.970875	0.885803	0.601041	0.021834
1525	8.319406	7.401882	9.792356	0.885803	0.597184	0.021812
1526	8.425718	7.267113	9.916916	0.885824	0.597145	0.021790
1527	8.411108	7.321143	9.718874	0.892476	0.589727	0.021768
1528	8.355063	7.312667	9.905613	0.883301	0.595725	0.021747
1529	8.384924	7.261891	9.877514	0.885518	0.599019	0.021725
1530	8.379702	7.282103	9.718893	0.891093	0.584521	0.021703
1531	8.378749	7.229845	9.961559	0.882345	0.603139	0.021682
1532	8.425038	7.318103	9.734970	0.892476	0.588423	0.021660
1533	8.294206	7.334517	9.616007	0.891235	0.583756	0.021638
1534	8.376584	7.232975	9.793575	0.888184	0.584861	0.021617
1535	8.325047	7.306043	9.808120	0.885478	0.596977	0.021595
1536	8.339462	7.270280	9.525726	0.896851	0.577827	0.021574
1537	8.335195	7.282316	9.776430	0.887044	0.592600	0.021552
1538	8.415864	7.251955	10.054035	0.880717	0.603438	0.021531
1539	8.338832	7.238364	10.539499	0.863118	0.629282	0.021509
1540	8.414668	7.300839	9.713966	0.892822	0.591589	0.021488
1541	8.329781	7.330937	10.168596	0.873678	0.613155	0.021466
1542	8.338501	7.219302	9.717661	0.889343	0.596656	0.021445
1543	8.354757	7.263098	10.695349	0.859436	0.640055	0.021423
1544	8.368010	7.365484	9.741098	0.889750	0.587211	0.021402
1545	8.383800	7.273168	10.220108	0.874125	0.613602	0.021381
1546	8.336078	7.285539	10.212467	0.872559	0.616591	0.021359
1547	8.372251	7.337403	9.696310	0.891622	0.589220	0.021338
1548	8.408473	7.400750	9.698365	0.893148	0.586849	0.021317
1549	8.299326	7.248983	9.661687	0.889730	0.589617	0.021296
1550	8.320715	7.404276	10.214867	0.871908	0.616495	0.021274
1551	8.486933	7.342302	9.815624	0.892131	0.591969	0.021253
1552	8.400177	7.345132	9.749125	0.890849	0.593767	0.021232
1553	8.367849	7.373428	10.467518	0.866170	0.629796	0.021211
1554	8.386153	7.250163	10.259862	0.872986	0.616819	0.021189
1555	8.380518	7.362100	9.788166	0.888550	0.592312	0.021168
1556	8.479012	7.304199	10.415308	0.871724	0.623405	0.021147
1557	8.418919	7.419674	9.935528	0.884888	0.603822	0.021126
1558	8.382038	7.470236	9.986427	0.881632	0.596980	0.021105
1559	8.382648	7.307045	9.897941	0.884705	0.603633	0.021084
1560	8.409273	7.348438	10.183701	0.876241	0.608849	0.021063
1561	8.360511	7.387118	9.893315	0.883952	0.601834	0.021042
1562	8.368073	7.377505	9.830267	0.886495	0.594637	0.021021
1563	8.391388	7.393906	10.112588	0.877828	0.614240	0.021000
1564	8.503882	7.341052	9.965133	0.887370	0.596330	0.020979
1565	8.418087	7.380704	9.927576	0.885132	0.596308	0.020958
1566	8.433507	7.454271	9.925507	0.885844	0.596394	0.020937
1567	8.463680	7.398113	10.041544	0.883057	0.600658	0.020916
1568	8.488362	7.303366	10.456187	0.870850	0.624247	0.020895
1569	8.471814	7.394483	10.052391	0.883016	0.600546	0.020874
1570	8.359436	7.387805	9.883883	0.884237	0.600204	0.020854
1571	8.395915	7.413769	10.298468	0.872172	0.614760	0.020833
1572	8.335464	7.404070	10.413549	0.866557	0.627299	0.020812
1573	8.424749	7.515177	9.873534	0.887329	0.592023	0.020791
1574	8.404613	7.454933	9.860117	0.886963	0.595722	0.020771
1575	8.404488	7.531360	9.938320	0.884196	0.595504	0.020750
1576	8.458333	7.424416	9.973873	0.885173	0.598304	0.020729
1577	8.471563	7.450585	9.827067	0.891032	0.587709	0.020708
1578	8.448564	7.458780	10.190998	0.877523	0.611831	0.020688
1579	8.472138	7.449204	9.899666	0.888387	0.593430	0.020667
1580	8.418704	7.398193	9.979879	0.883341	0.602564	0.020646
1581	8.482983	7.404235	10.044766	0.883728	0.600256	0.020626
1582	8.455747	7.479879	10.096171	0.880900	0.613015	0.020605
1583	8.538869	7.493167	9.834360	0.893697	0.586916	0.020585
1584	8.483681	7.415941	10.167220	0.879659	0.608121	0.020564
1585	8.408661	7.369562	9.928656	0.884705	0.595550	0.020544
1586	8.492181	7.397422	10.109138	0.881917	0.603824	0.020523
1587	8.372482	7.476203	9.884198	0.884766	0.601718	0.020503
1588	8.341956	7.501691	9.346564	0.904622	0.568995	0.020482
1589	8.351487	7.442261	10.062002	0.877909	0.607115	0.020462
1590	8.400375	7.456768	9.981897	0.882528	0.604002	0.020441
1591	8.450385	7.452889	10.015654	0.883403	0.599479	0.020421
1592	8.385573	7.353193	9.838346	0.886943	0.595018	0.020401
1593	8.356759	7.420753	9.562078	0.896179	0.575773	0.020380
1594	8.417275	7.406325	9.794605	0.889893	0.589740	0.020360
1595	8.389703	7.426073	9.939017	0.883565	0.597604	0.020340
1596	8.372477	7.410350	9.608078	0.895060	0.574312	0.020319
1597	8.347924	7.447060	9.907745	0.882935	0.600345	0.020299
1598	8.357059	7.466852	9.977129	0.880941	0.600775	0.020279
1599	8.334323	7.475080	9.740843	0.888306	0.586065	0.020258
1600	8.480662	7.451434	9.852392	0.890483	0.590542	0.020238
1601	8.447262	7.408593	9.964893	0.885030	0.596103	0.020218
1602	8.406630	7.446518	9.785507	0.889771	0.590850	0.020198
1603	8.435155	7.407493	10.070364	0.880941	0.606234	0.020178
1604	8.382295	7.368834	9.972343	0.882121	0.599467	0.020158
1605	8.371329	7.447420	9.741140	0.889893	0.591602	0.020137
1606	8.450193	7.431982	9.782267	0.891785	0.588991	0.020117
1607	8.380419	7.426876	9.880844	0.885213	0.597829	0.020097
1608	8.411374	7.441638	10.057832	0.880412	0.603656	0.020077
1609	8.450228	7.493674	9.960827	0.885295	0.597731	0.020057
1610	8.427356	7.472122	10.006192	0.882792	0.603855	0.020037
1611	8.478303	7.504686	10.152082	0.879944	0.606575	0.020017
1612	8.387058	7.399503	10.038534	0.880086	0.607833	0.019997
1613	8.467072	7.425516	9.754309	0.893595	0.584368	0.019977
1614	8.399530	7.468072	10.034522	0.880717	0.602502	0.019957
1615	8.398666	7.507645	9.956717	0.883321	0.597669	0.019937
1616	8.450999	7.413179	10.108904	0.880290	0.603293	0.019917
1617	8.519229	7.466873	10.200464	0.879964	0.608752	0.019898
1618	8.422712	7.477434	9.978123	0.883565	0.599246	0.019878
1619	8.465315	7.492246	10.225873	0.877055	0.614482	0.019858
1620	8.443729	7.519350	10.002429	0.883586	0.597381	0.019838
1621	8.516942	7.438619	9.915581	0.889709	0.595382	0.019818
1622	8.416162	7.593373	9.802652	0.889547	0.586324	0.019798
1623	8.416539	7.553543	10.163776	0.877157	0.610776	0.019779
1624	8.412374	7.467203	9.966466	0.883545	0.604972	0.019759
1625	8.410538	7.411187	10.005944	0.882121	0.600015	0.019739
1626	8.438549	7.473690	10.181456	0.877441	0.608835	0.019720
1627	8.452926	7.436814	10.067249	0.881755	0.608166	0.019700
1628	8.371578	7.478640	9.950653	0.882426	0.602758	0.019680
1629	8.363079	7.382470	10.192891	0.874186	0.618943	0.019661
1630	8.431641	7.431968	9.457161	0.904175	0.568473	0.019641
1631	8.472737	7.469803	10.109114	0.881144	0.608903	0.019621
1632	8.404782	7.437501	10.114292	0.878296	0.608067	0.019602
1633	8.503039	7.497707	10.207314	0.879110	0.611216	0.019582
1634	8.502618	7.565587	10.208692	0.879049	0.611977	0.019563
1635	8.469591	7.437867	10.063543	0.882548	0.603884	0.019543
1636	8.357898	7.518537	9.264767	0.909220	0.560979	0.019524
1637	8.416284	7.565996	9.833842	0.888407	0.591605	0.019504
1638	8.429497	7.571715	10.009928	0.882751	0.603381	0.019485
1639	8.473119	7.546538	9.882338	0.889058	0.592405	0.019465
1640	8.427383	7.574095	9.915421	0.885946	0.594934	0.019446
1641	8.405642	7.458080	9.458590	0.902832	0.569262	0.019426
1642	8.396138	7.412165	10.083327	0.878967	0.605676	0.019407
1643	8.399002	7.443166	9.768421	0.890076	0.593481	0.019388
1644	8.551181	7.529581	10.072193	0.885559	0.602855	0.019368
1645	8.512391	7.556166	9.741702	0.896118	0.582199	0.019349
1646	8.428393	7.551793	9.872715	0.887512	0.592958	0.019330
1647	8.415867	7.471390	10.008085	0.882263	0.603998	0.019310
1648	8.476034	7.527456	9.888528	0.888957	0.591717	0.019291
1649	8.514839	7.596831	10.018320	0.885946	0.598525	0.019272
1650	8.406395	7.526150	9.869022	0.886719	0.592951	0.019253
1651	8.415213	7.502694	10.000725	0.882487	0.602294	0.019233
1652	8.576671	7.464692	10.271124	0.879903	0.612084	0.019214
1653	8.470570	7.452083	10.235422	0.876953	0.620586	0.019195
1654	8.401670	7.490626	10.268902	0.873291	0.623578	0.019176
1655	8.493910	7.587905	10.259773	0.877075	0.616354	0.019157
1656	8.571382	7.550417	10.541162	0.871358	0.626769	0.019138
1657	8.583086	7.525015	10.253807	0.880717	0.615827	0.019119
1658	8.539408	7.585809	10.074183	0.885010	0.601400	0.019099
1659	8.424105	7.598081	10.401672	0.870117	0.625009	0.019080
1660	8.440964	7.605483	9.988519	0.883952	0.602396	0.019061
1661	8.418263	7.594252	9.753364	0.891479	0.586346	0.019042
1662	8.495283	7.597779	10.114655	0.881856	0.608455	0.019023
1663	8.517173	7.544239	10.047953	0.885010	0.601643	0.019004
1664	8.467089	7.622380	10.049177	0.882935	0.606695	0.018985
1665	8.490153	7.634389	9.958754	0.887024	0.596849	0.018966
1666	8.472822	7.614605	9.896534	0.888529	0.597376	0.018947
1667	8.393013	7.624172	9.717143	0.891744	0.586906	0.018929
1668	8.486274	7.576059	9.899916	0.888977	0.599335	0.018910
1669	8.559538	7.550916	9.921429	0.891317	0.593276	0.018891
1670	8.447306	7.577956	9.992485	0.884074	0.607046	0.018872
1671	8.427072	7.616596	9.917933	0.885844	0.595930	0.018853
1672	8.516801	7.620525	9.903213	0.890157	0.594949	0.018834
1673	8.548120	7.616109	9.879351	0.892395	0.595038	0.018816
1674	8.410752	7.492815	9.990051	0.882670	0.604121	0.018797
1675	8.449593	7.494564	9.690889	0.895284	0.587764	0.018778
1676	8.462815	7.637785	10.288820	0.874980	0.616085	0.018759
1677	8.494810	7.572298	10.234045	0.877930	0.613055	0.018741
1678	8.456075	7.658783	9.754860	0.893087	0.586409	0.018722
1679	8.524770	7.657469	10.069889	0.884562	0.605345	0.018703
1680	8.426525	7.631345	9.952085	0.884623	0.603236	0.018684
1681	8.492609	7.539913	9.997387	0.885763	0.603066	0.018666
1682	8.480424	7.572163	10.369839	0.873149	0.619445	0.018647
1683	8.501243	7.560576	10.352678	0.874451	0.617379	0.018629
1684	8.497450	7.578243	9.949623	0.887655	0.598369	0.018610
1685	8.510062	7.621953	10.165953	0.880737	0.610318	0.018591
1686	8.473859	7.569545	9.723385	0.895101	0.581956	0.018573
1687	8.453968	7.619561	9.916880	0.887004	0.600241	0.018554
1688	8.458708	7.580724	9.894094	0.888021	0.598669	0.018536
1689	8.593764	7.617149	10.164535	0.884115	0.607203	0.018517
1690	8.553042	7.634524	10.163307	0.882528	0.609206	0.018499
1691	8.535087	7.553803	10.035162	0.886190	0.604798	0.018480
1692	8.473526	7.627783	9.698249	0.896077	0.583336	0.018462
1693	8.455476	7.541756	10.186026	0.877950	0.613245	0.018444
1694	8.471583	7.578372	9.738482	0.894409	0.584822	0.018425
1695	8.424880	7.575594	10.000868	0.882874	0.606826	0.018407
1696	8.507697	7.600162	10.072840	0.883769	0.604150	0.018388
1697	8.489933	7.622039	10.111932	0.881734	0.606478	0.018370
1698	8.502081	7.565695	10.024289	0.885213	0.602433	0.018352
1699	8.522780	7.652134	10.092487	0.883708	0.606713	0.018333
1700	8.439735	7.588442	10.053958	0.881673	0.607721	0.018315
1701	8.437297	7.569723	9.980646	0.884074	0.607816	0.018297
1702	8.459494	7.596010	9.882088	0.888489	0.599353	0.018279
1703	8.479586	7.555454	9.910057	0.888326	0.597862	0.018260
1704	8.491306	7.566802	10.231094	0.877889	0.612235	0.018242
1705	8.513091	7.636601	10.114021	0.882589	0.609543	0.018224
1706	8.486261	7.622206	10.109991	0.881653	0.611738	0.018206
1707	8.473724	7.689319	10.178385	0.878906	0.613328	0.018187
1708	8.513863	7.671357	10.017753	0.885925	0.601872	0.018169
1709	8.504992	7.696550	9.752350	0.895365	0.585617	0.018151
1710	8.539522	7.677994	9.983508	0.888204	0.598688	0.018133
1711	8.516026	7.683593	10.019716	0.885946	0.602944	0.018115
1712	8.517747	7.612787	10.159746	0.881246	0.613085	0.018097
1713	8.579941	7.593789	10.094916	0.885946	0.605391	0.018079
1714	8.487450	7.591218	9.761442	0.894226	0.585733	0.018061
1715	8.546495	7.598438	10.148256	0.882772	0.610378	0.018043
1716	8.411024	7.603743	9.837199	0.888062	0.597545	0.018025
1717	8.426453	7.589682	10.319173	0.872681	0.621148	0.018007
1718	8.445445	7.670307	10.192954	0.877340	0.616405	0.017989
1719	8.405562	7.652098	9.438511	0.903707	0.572388	0.017971
1720	8.459942	7.631826	10.031147	0.883260	0.606993	0.017953
1721	8.468951	7.555386	9.952220	0.886373	0.597340	0.017935
1722	8.560310	7.742351	9.986284	0.888977	0.598162	0.017917
1723	8.414470	7.665107	9.993275	0.882711	0.599773	0.017899
1724	8.522599	7.626835	10.118675	0.882812	0.608795	0.017881
1725	8.555738	7.632487	9.957955	0.889811	0.597624	0.017864
1726	8.451412	7.660118	9.835980	0.889832	0.593399	0.017846
1727	8.556044	7.589409	10.032009	0.887166	0.602396	0.017828
1728	8.463732	7.610536	10.021379	0.883748	0.608242	0.017810
1729	8.618334	7.607115	10.221383	0.883179	0.609721	0.017792
1730	8.448639	7.596991	9.948517	0.885661	0.600769	0.017775
1731	8.468288	7.605853	10.110533	0.880920	0.612003	0.017757
1732	8.476566	7.604337	10.146286	0.880066	0.614894	0.017739
1733	8.454077	7.566859	9.662734	0.896606	0.579567	0.017721
1734	8.437178	7.613946	9.586423	0.898926	0.576715	0.017704
1735	8.488023	7.663101	10.039467	0.884115	0.608580	0.017686
1736	8.459359	7.737254	9.907854	0.887553	0.601178	0.017668
1737	8.483287	7.680263	9.904829	0.888672	0.595552	0.017651
1738	8.487504	7.649511	9.662535	0.898153	0.579609	0.017633
1739	8.418040	7.624146	9.620028	0.896667	0.584114	0.017616
1740	8.482448	7.674466	9.863267	0.890157	0.595085	0.017598
1741	8.547314	7.607830	10.028685	0.886922	0.601455	0.017580
1742	8.536620	7.662362	10.003496	0.887370	0.603245	0.017563
1743	8.526974	7.710245	10.127493	0.882690	0.608382	0.017545
1744	8.487900	7.667746	9.763010	0.894185	0.588042	0.017528
1745	8.406042	7.598035	9.675631	0.893921	0.588737	0.017510
1746	8.442530	7.653842	9.908020	0.886841	0.601063	0.017493
1747	8.432378	7.646775	9.966021	0.884379	0.604973	0.017475
1748	8.457133	7.685681	9.847608	0.889648	0.594728	0.017458
1749	8.461019	7.691686	9.886112	0.888407	0.599077	0.017441
1750	8.490833	7.652762	9.947563	0.887451	0.602695	0.017423
1751	8.407148	7.658504	9.769165	0.890401	0.593456	0.017406
1752	8.482218	7.601795	10.475504	0.870056	0.625211	0.017388
1753	8.478776	7.599321	9.815896	0.891764	0.594628	0.017371
1754	8.513041	7.649938	9.890009	0.890483	0.593135	0.017354
1755	8.430906	7.666176	9.759402	0.891805	0.591445	0.017336
1756	8.482998	7.625218	9.896652	0.888957	0.596471	0.017319
1757	8.592661	7.587399	10.027990	0.888835	0.602440	0.017302
1758	8.476218	7.686948	9.993795	0.885213	0.605046	0.017284
1759	8.452006	7.616937	10.189440	0.877706	0.615923	0.017267
1760	8.427578	7.678830	9.923140	0.885681	0.602428	0.017250
1761	8.402716	7.717285	9.786991	0.889547	0.594787	0.017233
1762	8.498171	7.648370	9.792255	0.893514	0.588267	0.017216
1763	8.426384	7.601060	10.201213	0.876343	0.620249	0.017198
1764	8.432186	7.676981	9.780307	0.891073	0.593191	0.017181
1765	8.385506	7.672888	10.189003	0.875163	0.614594	0.017164
1766	8.394958	7.614932	9.825127	0.887817	0.601844	0.017147
1767	8.420002	7.660940	9.998652	0.882751	0.601647	0.017130
1768	8.478190	7.642791	10.374474	0.872925	0.625779	0.017113
1769	8.434264	7.620851	9.624434	0.897237	0.587451	0.017096
1770	8.488996	7.714835	9.909811	0.888733	0.603646	0.017079
1771	8.483229	7.708558	9.739336	0.894897	0.589649	0.017062
1772	8.453042	7.670629	10.347045	0.872823	0.624541	0.017045
1773	8.398523	7.740116	9.902768	0.885193	0.602734	0.017028
1774	8.433945	7.664051	10.528011	0.866801	0.631443	0.017011
1775	8.410948	7.667865	10.066515	0.880107	0.604621	0.016994
1776	8.421838	7.747743	10.439672	0.868917	0.631541	0.016977
1777	8.473427	7.690485	10.140055	0.880147	0.611028	0.016960
1778	8.430838	7.719602	10.236289	0.875407	0.614242	0.016943
1779	8.474412	7.709342	9.591954	0.900452	0.577386	0.016926
1780	8.526611	7.750410	9.743589	0.896688	0.586743	0.016909
1781	8.458391	7.797491	9.855162	0.889425	0.591072	0.016892
1782	8.466415	7.726580	9.959613	0.886007	0.603802	0.016875
1783	8.515015	7.737076	9.986769	0.887065	0.594551	0.016858
1784	8.404868	7.751120	10.150316	0.877136	0.611990	0.016842
1785	8.494763	7.745796	9.759890	0.894613	0.589872	0.016825
1786	8.475432	7.727127	9.827201	0.891195	0.591761	0.016808
1787	8.482319	7.809053	9.969658	0.886312	0.602565	0.016791
1788	8.470713	7.767899	9.769622	0.893168	0.587075	0.016774
1789	8.474328	7.762232	9.918584	0.887797	0.595136	0.016758
1790	8.468526	7.743967	9.914057	0.887716	0.598552	0.016741
1791	8.486020	7.686821	9.782495	0.893351	0.587906	0.016724
1792	8.422418	7.718257	9.954248	0.884379	0.604040	0.016708
1793	8.427164	7.646559	10.248737	0.874878	0.615235	0.016691
1794	8.463786	7.675997	9.999613	0.884501	0.603368	0.016674
1795	8.517341	7.630213	9.917715	0.889648	0.595218	0.016658
1796	8.374214	7.673098	9.601370	0.895406	0.589679	0.016641
1797	8.463988	7.731848	9.673553	0.896627	0.588591	0.016624
1798	8.378149	7.725240	9.512514	0.899211	0.576967	0.016608
1799	8.468149	7.762017	10.018322	0.884033	0.603844	0.016591
1800	8.443344	7.702928	10.172673	0.877909	0.609360	0.016575
1801	8.459024	7.753812	9.886026	0.888326	0.593356	0.016558
1802	8.442310	7.731683	9.939909	0.885701	0.599735	0.016542
1803	8.441321	7.749337	9.825889	0.889771	0.597641	0.016525
1804	8.437635	7.688452	9.993435	0.883647	0.606843	0.016509
1805	8.458925	7.700868	10.087757	0.881307	0.610325	0.016492
1806	8.441149	7.726074	9.916684	0.886475	0.597754	0.016476
1807	8.437313	7.749003	9.840576	0.889058	0.594448	0.016459
1808	8.456688	7.763068	10.041617	0.882772	0.609244	0.016443
1809	8.429368	7.718417	9.727757	0.892944	0.583842	0.016426
1810	8.439860	7.750348	9.996661	0.883626	0.604634	0.016410
1811	8.522027	7.760803	10.094583	0.883606	0.609595	0.016394
1812	8.487435	7.808601	9.799572	0.892761	0.590285	0.016377
1813	8.531286	7.765871	10.310080	0.876912	0.617939	0.016361
1814	8.500580	7.776906	10.032487	0.884867	0.605025	0.016345
1815	8.553775	7.779989	10.103559	0.884583	0.607831	0.016328
1816	8.534438	7.742671	10.120079	0.883240	0.607169	0.016312
1817	8.469327	7.778208	10.064432	0.882507	0.608674	0.016296
1818	8.478436	7.729423	10.172777	0.879272	0.616619	0.016279
1819	8.449699	7.725225	10.267002	0.875163	0.616662	0.016263
1820	8.499804	7.649549	9.910107	0.889181	0.597301	0.016247
1821	8.385205	7.703977	10.331152	0.870789	0.622966	0.016231
1822	8.468928	7.644533	10.255943	0.876241	0.616230	0.016215
1823	8.467168	7.720149	9.671598	0.896851	0.583417	0.016198
1824	8.499709	7.754998	9.959673	0.887390	0.597029	0.016182
1825	8.432134	7.771674	9.827333	0.889323	0.590792	0.016166
1826	8.457468	7.784833	10.014555	0.883728	0.601958	0.016150
1827	8.484482	7.786804	10.051300	0.883565	0.605514	0.016134
1828	8.446691	7.774947	9.932956	0.886129	0.601869	0.016118
1829	8.393786	7.763577	10.004040	0.881510	0.602548	0.016102
1830	8.430101	7.698195	9.818336	0.889567	0.592214	0.016085
1831	8.446825	7.747961	9.697542	0.894897	0.585320	0.016069
1832	8.504647	7.759137	10.108822	0.882426	0.607339	0.016053
1833	8.466647	7.769906	10.337004	0.873637	0.619980	0.016037
1834	8.403221	7.706073	10.151501	0.877035	0.617553	0.016021
1835	8.367579	7.747865	10.176920	0.874858	0.610808	0.016005
1836	8.515223	7.662327	9.852671	0.891968	0.591387	0.015989
1837	8.547301	7.706101	10.322329	0.877136	0.619016	0.015973
1838	8.533629	7.731249	9.911167	0.890584	0.599333	0.015958
1839	8.471029	7.823787	9.874887	0.889242	0.598692	0.015942
1840	8.470018	7.850670	10.051455	0.882975	0.604815	0.015926
1841	8.501241	7.836968	9.955199	0.887614	0.595767	0.015910
1842	8.527494	7.802007	9.936794	0.889384	0.597439	0.015894
1843	8.385781	7.817295	9.655958	0.893778	0.587047	0.015878
1844	8.507453	7.775646	10.328003	0.875448	0.619532	0.015862
1845	8.422374	7.731359	10.240305	0.874959	0.617285	0.015846
1846	8.428625	7.768603	10.254431	0.874756	0.618400	0.015831
1847	8.502994	7.800556	9.888263	0.890116	0.600987	0.015815
1848	8.475686	7.788492	9.791351	0.892558	0.587017	0.015799
1849	8.490408	7.795978	9.781721	0.893575	0.590919	0.015783
1850	8.484343	7.787120	10.137690	0.880656	0.612389	0.015767
1851	8.438161	7.816573	10.029195	0.882446	0.606619	0.015752
1852	8.553948	7.826255	10.003787	0.888082	0.597572	0.015736
1853	8.490489	7.777864	9.996634	0.885701	0.602644	0.015720
1854	8.500563	7.780581	9.947021	0.887878	0.597766	0.015705
1855	8.506866	7.831729	9.986399	0.886739	0.599959	0.015689
1856	8.565874	7.873665	9.881523	0.893087	0.590311	0.015673
1857	8.453115	7.821704	10.057804	0.882080	0.604012	0.015658
1858	8.479996	7.885217	9.403589	0.909058	0.565842	0.015642
1859	8.448596	7.842996	9.849292	0.889221	0.594095	0.015626
1860	8.558359	7.880822	10.333101	0.877218	0.616141	0.015611
1861	8.480560	7.908891	10.074772	0.882609	0.603792	0.015595
1862	8.446322	7.851454	9.724619	0.893819	0.586090	0.015580
1863	8.515924	7.856710	10.258845	0.877950	0.614199	0.015564
1864	8.471559	7.842154	10.109542	0.881083	0.605701	0.015549
1865	8.467228	7.826306	10.343699	0.873454	0.621094	0.015533
1866	8.460440	7.803485	10.156800	0.879089	0.611699	0.015518
1867	8.452708	7.850912	10.334614	0.873189	0.623203	0.015502
1868	8.443479	7.796721	9.941285	0.885701	0.600148	0.015487
1869	8.458953	7.812466	9.819522	0.890767	0.588361	0.015471
1870	8.500040	7.859394	10.209366	0.878927	0.610066	0.015456
1871	8.474402	7.818756	10.485279	0.869486	0.625236	0.015440
1872	8.510643	7.799232	10.339084	0.875224	0.618551	0.015425
1873	8.466048	7.863411	10.581717	0.866414	0.628681	0.015409
1874	8.433145	7.836640	9.442329	0.904907	0.570787	0.015394
1875	8.451666	7.795611	10.315399	0.873739	0.617514	0.015379
1876	8.522054	7.856971	10.366117	0.874817	0.618101	0.015363
1877	8.454282	7.841147	9.969678	0.885152	0.600385	0.015348
1878	8.492504	7.798041	10.232537	0.877889	0.613595	0.015333
1879	8.557655	7.840645	10.448788	0.873617	0.623803	0.015317
1880	8.491389	7.834882	10.126472	0.881307	0.611229	0.015302
1881	8.529300	7.857679	10.238838	0.879110	0.610834	0.015287
1882	8.499960	7.831765	10.672094	0.865072	0.638468	0.015272
1883	8.427497	7.829574	10.212846	0.876017	0.611353	0.015256
1884	8.489030	7.808091	10.701067	0.863892	0.640748	0.015241
1885	8.495906	7.801095	10.225216	0.878255	0.608328	0.015226
1886	8.404860	7.813065	10.342464	0.871175	0.624599	0.015211
1887	8.449701	7.780446	9.641544	0.897257	0.575322	0.015196
1888	8.476563	7.849631	10.097830	0.881673	0.609757	0.015180
1889	8.519608	7.832775	10.259463	0.878072	0.611869	0.015165
1890	8.589041	7.925410	10.562879	0.871358	0.630417	0.015150
1891	8.523519	7.913374	10.336384	0.875793	0.614648	0.015135
1892	8.549347	7.934141	10.186375	0.881612	0.609952	0.015120
1893	8.525445	7.876440	10.251253	0.878560	0.613843	0.015105
1894	8.509712	7.884381	10.675550	0.865316	0.634607	0.015090
1895	8.527029	7.861102	10.366890	0.874980	0.618682	0.015075
1896	8.537648	7.941028	9.852179	0.892965	0.590033	0.015060
1897	8.533707	7.968385	9.805160	0.894592	0.584474	0.015045
1898	8.519595	7.900939	9.774301	0.895162	0.585503	0.015030
1899	8.504375	7.915645	10.030508	0.885091	0.603855	0.015015
1900	8.540010	7.994051	10.621643	0.867900	0.634563	0.015000
1901	8.581089	7.937977	10.035529	0.888082	0.600674	0.014985
1902	8.549649	7.952171	9.793667	0.895752	0.588725	0.014970
1903	8.500095	7.929771	9.946472	0.887878	0.602026	0.014955
1904	8.607110	7.916604	9.985964	0.890971	0.595888	0.014940
1905	8.537786	7.879895	9.861474	0.892619	0.591274	0.014925
1906	8.467067	7.886240	9.738000	0.894226	0.583530	0.014910
1907	8.479278	7.911860	9.756770	0.894043	0.587889	0.014895
1908	8.500861	7.912471	9.911898	0.889160	0.597192	0.014880
1909	8.498062	7.847287	9.932214	0.888306	0.596107	0.014865
1910	8.543555	7.897616	9.892525	0.891703	0.593458	0.014851
1911	8.502035	7.939714	9.881077	0.890340	0.592108	0.014836
1912	8.497040	7.955050	9.833794	0.891886	0.590401	0.014821
1913	8.546034	7.966063	10.004795	0.887716	0.600267	0.014806
1914	8.498531	7.918828	9.852894	0.891235	0.593979	0.014791
1915	8.454170	7.988973	10.524786	0.867615	0.629336	0.014777
1916	8.551612	7.886673	10.352166	0.876363	0.619015	0.014762
1917	8.511918	7.902371	9.835896	0.892456	0.590813	0.014747
1918	8.509766	8.004856	9.715672	0.897034	0.580346	0.014732
1919	8.503973	7.941850	10.077972	0.883443	0.603407	0.014718
1920	8.489330	7.974087	9.841682	0.891256	0.594322	0.014703
1921	8.489280	7.958007	9.641660	0.899089	0.579219	0.014688
1922	8.487428	7.918585	10.153715	0.880249	0.606880	0.014674
1923	8.451651	7.854849	10.152496	0.878886	0.612594	0.014659
1924	8.482124	7.938023	10.152320	0.880086	0.615500	0.014644
1925	8.459305	7.871809	9.723845	0.894430	0.586345	0.014630
1926	8.532023	7.934479	9.797451	0.894816	0.588996	0.014615
1927	8.510837	7.835631	10.516410	0.869893	0.632365	0.014601
1928	8.485410	7.849501	9.683303	0.897217	0.585043	0.014586
1929	8.552411	7.932009	10.193709	0.881490	0.610554	0.014571
1930	8.537762	7.996215	9.766611	0.896281	0.589231	0.014557
1931	8.500650	7.942909	9.678001	0.898132	0.582299	0.014542
1932	8.569246	7.981183	10.229831	0.880961	0.614595	0.014528
1933	8.622617	8.011342	10.361060	0.878784	0.617710	0.014513
1934	8.608814	8.013418	10.264030	0.881388	0.614546	0.014499
1935	8.574126	7.989955	10.108643	0.885234	0.602394	0.014484
1936	8.583550	8.016525	10.156646	0.883972	0.608645	0.014470
1937	8.591884	8.069103	10.276175	0.880330	0.618443	0.014456
1938	8.593966	8.027152	10.427746	0.875610	0.624252	0.014441
1939	8.627750	7.999042	10.360844	0.878988	0.622176	0.014427
1940	8.657457	7.993831	10.152664	0.887105	0.611334	0.014412
1941	8.567734	8.037717	10.240439	0.880554	0.613298	0.014398
1942	8.591152	8.055165	10.039874	0.888346	0.603199	0.014384
1943	8.649063	8.006040	10.107551	0.888346	0.606354	0.014369
1944	8.627049	8.005726	10.483161	0.875142	0.628508	0.014355
1945	8.625878	8.053536	9.976870	0.892110	0.599172	0.014341
1946	8.648906	8.023154	10.310587	0.881429	0.615546	0.014326
1947	8.554978	8.014553	10.174125	0.882243	0.609643	0.014312
1948	8.693588	8.016166	10.431566	0.879252	0.621884	0.014298
1949	8.589715	8.004221	9.927423	0.892395	0.597027	0.014283
1950	8.546120	8.013730	10.128521	0.883423	0.610087	0.014269
1951	8.600291	8.041712	10.262544	0.881104	0.612318	0.014255
1952	8.647253	8.018546	10.314840	0.881226	0.616139	0.014241
1953	8.569863	7.964847	10.297670	0.878784	0.616657	0.014226
1954	8.622007	7.974988	10.250771	0.882345	0.612084	0.014212
1955	8.636493	7.984406	10.303874	0.881165	0.617014	0.014198
1956	8.552024	7.973799	10.378824	0.875549	0.621986	0.014184
1957	8.599156	8.027652	10.474591	0.874369	0.624242	0.014170
1958	8.594966	8.034727	10.150425	0.884644	0.605959	0.014156
1959	8.576108	8.027007	10.183419	0.882772	0.609089	0.014141
1960	8.526358	8.033631	10.537682	0.869832	0.629836	0.014127
1961	8.516324	8.037932	10.083651	0.883748	0.609601	0.014113
1962	8.527252	8.002688	9.948281	0.888957	0.603447	0.014099
1963	8.532183	8.036396	10.474474	0.871908	0.628086	0.014085
1964	8.623272	8.055690	10.428431	0.876689	0.622160	0.014071
1965	8.552567	8.010849	10.052224	0.886312	0.604129	0.014057
1966	8.537221	8.049527	10.347773	0.875956	0.624610	0.014043
1967	8.582402	8.035496	10.310831	0.878845	0.619755	0.014029
1968	8.520488	8.009024	9.895905	0.890584	0.599935	0.014015
1969	8.595660	7.981331	10.116346	0.885844	0.606406	0.014001
1970	8.602156	8.051899	10.389874	0.877096	0.623976	0.013987
1971	8.599973	8.070682	10.127895	0.885620	0.608313	0.013973
1972	8.554401	8.070313	10.158249	0.882751	0.608082	0.013959
1973	8.547101	8.044903	9.845438	0.893636	0.589873	0.013945
1974	8.588536	8.112554	10.103271	0.886007	0.604083	0.013931
1975	8.578688	8.067565	10.753247	0.865560	0.641022	0.013917
1976	8.733735	8.098613	10.507551	0.878377	0.625418	0.013903
1977	8.614031	8.110314	10.198736	0.883769	0.612096	0.013890
1978	8.698058	8.068734	10.220863	0.886393	0.611429	0.013876
1979	8.640066	8.083363	10.378189	0.878906	0.622711	0.013862
1980	8.640003	8.092713	10.031364	0.890706	0.602987	0.013848
1981	8.586163	8.110668	10.330647	0.878357	0.619860	0.013834
1982	8.647192	8.093766	10.142374	0.887044	0.608867	0.013820
1983	8.626028	8.121835	10.411552	0.877319	0.622823	0.013807
1984	8.630835	8.101731	10.211994	0.883993	0.613614	0.013793
1985	8.721174	8.127461	10.211580	0.887655	0.608810	0.013779
1986	8.699258	8.138009	10.287493	0.884176	0.614842	0.013765
1987	8.617919	8.092009	10.023031	0.890076	0.607098	0.013752
1988	8.633448	8.115473	10.174426	0.885376	0.609493	0.013738
1989	8.650155	8.081805	9.792361	0.900391	0.585698	0.013724
1990	8.628991	8.114523	10.015240	0.890828	0.598530	0.013710
1991	8.618600	8.094496	10.139813	0.885966	0.609939	0.013697
1992	8.581031	8.104346	9.916844	0.892415	0.593715	0.013683
1993	8.581785	8.099323	10.321548	0.878479	0.624090	0.013669
1994	8.630474	8.123001	10.079535	0.888570	0.602829	0.013656
1995	8.600579	8.120320	9.947609	0.892110	0.599138	0.013642
1996	8.637847	8.054894	10.072189	0.889140	0.606622	0.013629
1997	8.634843	8.120138	10.064150	0.889303	0.605168	0.013615
1998	8.590552	8.103886	9.764708	0.898763	0.586145	0.013601
1999	8.703291	8.082340	10.388594	0.881002	0.623767	0.013588
2000	8.677776	8.157407	10.130188	0.888733	0.606038	0.013574
2001	8.604554	8.087613	9.765072	0.899394	0.586027	0.013561
2002	8.687881	8.111941	10.184835	0.887227	0.608834	0.013547
2003	8.674112	8.063974	10.217585	0.885539	0.610594	0.013534
2004	8.639348	8.074627	10.226897	0.883830	0.610879	0.013520
2005	8.634661	8.106150	10.219538	0.883891	0.613170	0.013507
2006	8.644456	8.127943	10.157290	0.886414	0.607642	0.013493
2007	8.632476	8.115989	10.315941	0.880615	0.623163	0.013480
2008	8.645019	8.143845	10.271986	0.882548	0.614551	0.013466
2009	8.657879	8.090614	10.159580	0.886882	0.609608	0.013453
2010	8.624852	8.177329	10.082121	0.888245	0.603123	0.013439
2011	8.634674	8.140358	10.205709	0.884359	0.611485	0.013426
2012	8.610124	8.148795	10.199540	0.883586	0.614152	0.013413
2013	8.629849	8.105680	10.169592	0.885396	0.611184	0.013399
2014	8.597304	8.099969	9.892045	0.894063	0.595039	0.013386
2015	8.612715	8.197561	10.079981	0.887817	0.607032	0.013372
2016	8.701879	8.155611	10.176212	0.888102	0.608481	0.013359
2017	8.689734	8.094393	10.175349	0.887634	0.608768	0.013346
2018	8.666410	8.135800	10.044749	0.891337	0.598985	0.013332
2019	8.636328	8.143880	10.468558	0.875936	0.627695	0.013319
2020	8.618709	8.084758	10.545740	0.872945	0.631802	0.013306
2021	8.609722	8.094085	10.704033	0.868022	0.640557	0.013293
2022	8.622645	8.157851	9.990712	0.891459	0.598840	0.013279
2023	8.640141	8.118101	10.768641	0.867269	0.644060	0.013266
2024	8.625107	8.130538	10.818833	0.865356	0.644400	0.013253
2025	8.675713	8.139576	10.661103	0.871602	0.637449	0.013240
2026	8.715734	8.165629	10.418600	0.880514	0.622708	0.013226
2027	8.696684	8.168701	10.502078	0.877157	0.626101	0.013213
2028	8.629329	8.147533	10.405157	0.877645	0.620372	0.013200
2029	8.614685	8.109883	10.478792	0.874817	0.630997	0.013187
2030	8.640821	8.170538	10.056983	0.889811	0.604257	0.013174
2031	8.644014	8.197363	10.636055	0.871195	0.635085	0.013161
2032	8.708781	8.183669	10.489220	0.878011	0.626733	0.013147
2033	8.694207	8.169499	10.434873	0.879171	0.625426	0.013134
2034	8.652249	8.150911	10.333925	0.880798	0.621366	0.013121
2035	8.657526	8.141542	10.657570	0.871053	0.635957	0.013108
2036	8.672936	8.202184	10.466210	0.877380	0.628400	0.013095
2037	8.729440	8.184105	10.475872	0.879211	0.625733	0.013082
2038	8.633888	8.195589	9.909656	0.894999	0.595679	0.013069
2039	8.679724	8.152458	10.408542	0.879456	0.624515	0.013056
2040	8.699616	8.174795	10.296415	0.883891	0.614421	0.013043
2041	8.664998	8.193168	10.193218	0.886007	0.611033	0.013030
2042	8.721141	8.185032	9.919792	0.898499	0.592485	0.013017
2043	8.704714	8.197947	10.027536	0.893616	0.598784	0.013004
2044	8.603783	8.227546	10.613719	0.870402	0.634036	0.012991
2045	8.617953	8.136933	10.350990	0.878927	0.617290	0.012978
2046	8.681538	8.209606	10.250259	0.884725	0.614463	0.012965
2047	8.639747	8.171046	10.192557	0.885010	0.617211	0.012952
2048	8.687247	8.165760	10.432934	0.878967	0.625189	0.012939
2049	8.635128	8.168633	10.233402	0.883443	0.617603	0.012926
2050	8.639714	8.175582	9.707624	0.903442	0.582811	0.012913
2051	8.702190	8.199382	10.374108	0.881429	0.619619	0.012900
2052	8.705981	8.212892	10.450932	0.879110	0.625868	0.012887
2053	8.708613	8.221633	10.303413	0.884013	0.619581	0.012875
2054	8.663082	8.176878	10.106747	0.888957	0.605417	0.012862
2055	8.690364	8.234918	10.064178	0.891642	0.605668	0.012849
2056	8.711050	8.230672	10.289329	0.884583	0.615980	0.012836
2057	8.679769	8.226253	10.345509	0.881490	0.618818	0.012823
2058	8.681695	8.204645	10.148567	0.888245	0.605707	0.012810
2059	8.625985	8.184989	10.251207	0.882487	0.612379	0.012798
2060	8.702393	8.215869	10.051053	0.892639	0.601637	0.012785
2061	8.698133	8.180265	10.153378	0.888753	0.606170	0.012772
2062	8.673838	8.158666	10.200662	0.886108	0.612609	0.012759
2063	8.682744	8.195226	10.167164	0.887634	0.609347	0.012747
2064	8.667375	8.198869	10.309648	0.882182	0.618599	0.012734
2065	8.636928	8.220266	10.144343	0.886556	0.609088	0.012721
2066	8.678257	8.227474	9.932046	0.896098	0.593813	0.012709
2067	8.617113	8.230090	10.506542	0.874064	0.630543	0.012696
2068	8.628331	8.128178	10.364094	0.878906	0.622924	0.012683
2069	8.666948	8.141047	9.896164	0.896993	0.595952	0.012671
2070	8.769926	8.232035	10.343714	0.885091	0.617714	0.012658
2071	8.694386	8.133949	10.280519	0.884216	0.614949	0.012645
2072	8.672650	8.150928	10.423752	0.878703	0.624460	0.012633
2073	8.715576	8.191802	10.255692	0.885905	0.611575	0.012620
2074	8.746070	8.178120	10.336765	0.884379	0.616511	0.012607
2075	8.706321	8.163799	10.251348	0.885681	0.614513	0.012595
2076	8.697890	8.176284	10.114346	0.890137	0.607114	0.012582
2077	8.740627	8.184204	10.189165	0.889242	0.611065	0.012570
2078	8.758442	8.188259	10.287660	0.886536	0.613087	0.012557
2079	8.645671	8.207453	10.165770	0.886169	0.608526	0.012545
2080	8.634882	8.198831	9.788988	0.899821	0.593253	0.012532
2081	8.635388	8.176909	9.779611	0.900228	0.590337	0.012520
2082	8.685592	8.130368	9.805761	0.901489	0.589818	0.012507
2083	8.626602	8.212730	9.935404	0.893697	0.594906	0.012495
2084	8.747786	8.214035	10.222341	0.888367	0.609074	0.012482
2085	8.690076	8.197225	10.127384	0.889343	0.608714	0.012470
2086	8.663725	8.174937	10.165272	0.886922	0.611418	0.012457
2087	8.681516	8.220302	10.342606	0.881653	0.620068	0.012445
2088	8.762979	8.169235	10.198590	0.889832	0.607865	0.012432
2089	8.727515	8.184645	10.370008	0.882548	0.619918	0.012420
2090	8.696383	8.189420	10.253379	0.885213	0.614348	0.012408
2091	8.704978	8.175617	9.987518	0.895142	0.602218	0.012395
2092	8.625008	8.158072	10.051555	0.889343	0.605354	0.012383
2093	8.604552	8.154097	9.900919	0.894043	0.596147	0.012370
2094	8.720830	8.153252	10.383195	0.881856	0.619510	0.012358
2095	8.655961	8.164620	10.035968	0.891215	0.601050	0.012346
2096	8.636158	8.158153	9.993698	0.891927	0.600715	0.012333
2097	8.655218	8.202571	10.041223	0.890991	0.598098	0.012321
2098	8.613023	8.197847	10.062006	0.888468	0.603385	0.012309
2099	8.730975	8.148773	10.065420	0.893331	0.602097	0.012297
2100	8.673769	8.145661	10.131248	0.888529	0.606913	0.012284
2101	8.713984	8.160942	10.102682	0.891235	0.604391	0.012272
2102	8.714892	8.190748	10.470648	0.878825	0.622727	0.012260
2103	8.712201	8.176400	10.239258	0.886332	0.611150	0.012248
2104	8.643706	8.192108	10.336899	0.880371	0.621982	0.012235
2105	8.623198	8.179340	10.330631	0.879781	0.618975	0.012223
2106	8.729887	8.134609	10.341411	0.883586	0.616434	0.012211
2107	8.635617	8.178536	10.208025	0.884318	0.613989	0.012199
2108	8.634285	8.135680	10.436514	0.876851	0.622417	0.012187
2109	8.590974	8.117161	10.026588	0.888814	0.599398	0.012174
2110	8.689797	8.145570	10.191760	0.887065	0.610435	0.012162
2111	8.713893	8.212597	10.249549	0.886047	0.613124	0.012150
2112	8.667100	8.157424	10.334770	0.881348	0.619082	0.012138
2113	8.712642	8.142470	10.770761	0.869751	0.639873	0.012126
2114	8.668727	8.159107	10.429340	0.878377	0.622351	0.012114
2115	8.696171	8.154037	10.272357	0.884562	0.613310	0.012102
2116	8.653071	8.194297	10.397013	0.878805	0.618315	0.012090
2117	8.659366	8.130636	10.102983	0.888936	0.609731	0.012078
2118	8.700331	8.171985	10.280290	0.884460	0.615716	0.012066
2119	8.681597	8.127673	10.028130	0.892598	0.600614	0.012053
2120	8.581547	8.184231	10.506382	0.872762	0.631938	0.012041
2121	8.660135	8.183762	10.063699	0.890381	0.602645	0.012029
2122	8.619707	8.201697	10.499624	0.874369	0.630242	0.012017
2123	8.665513	8.112221	9.767471	0.902140	0.583372	0.012005
2124	8.711359	8.184536	10.608554	0.874451	0.632808	0.011993
2125	8.684228	8.184505	10.714370	0.870361	0.647128	0.011981
2126	8.708859	8.163544	10.556478	0.875936	0.632775	0.011970
2127	8.700381	8.222662	10.709622	0.871073	0.639619	0.011958
2128	8.699383	8.154622	10.544991	0.875936	0.632578	0.011946
2129	8.709427	8.199069	10.412959	0.880452	0.621642	0.011934
2130	8.698907	8.216437	10.508046	0.877055	0.630005	0.011922
2131	8.712930	8.230601	10.465067	0.878927	0.626259	0.011910
2132	8.688694	8.211217	10.334386	0.882202	0.620961	0.011898
2133	8.721930	8.204771	10.133249	0.890462	0.604961	0.011886
2134	8.734487	8.228778	10.972580	0.864909	0.654967	0.011874
2135	8.641525	8.217344	10.379942	0.878906	0.623578	0.011862
2136	8.672161	8.242666	10.275463	0.883504	0.615029	0.011851
2137	8.715445	8.241156	10.416356	0.880575	0.623212	0.011839
2138	8.668925	8.233703	10.170202	0.886963	0.607917	0.011827
2139	8.626908	8.268924	10.296797	0.881022	0.622486	0.011815
2140	8.610123	8.211489	9.860849	0.895833	0.599621	0.011803
2141	8.669748	8.218707	10.152527	0.887614	0.610419	0.011792
2142	8.680846	8.212518	10.582894	0.874105	0.631921	0.011780
2143	8.667058	8.179486	9.882338	0.897542	0.593288	0.011768
2144	8.676091	8.195625	10.537402	0.875305	0.631662	0.011756
2145	8.709857	8.208999	9.957177	0.896525	0.600329	0.011745
2146	8.739870	8.231804	9.898941	0.900187	0.591892	0.011733
2147	8.687999	8.181399	9.963258	0.895325	0.598781	0.011721
2148	8.761151	8.256547	10.539232	0.878418	0.628015	0.011709
2149	8.740045	8.293106	10.501516	0.878805	0.626254	0.011698
2150	8.747044	8.217206	10.120346	0.891988	0.605286	0.011686
2151	8.738276	8.238255	10.048296	0.894287	0.601500	0.011674
2152	8.715950	8.244945	10.389259	0.881470	0.622972	0.011663
2153	8.753124	8.261979	10.354243	0.884074	0.619073	0.011651
2154	8.757793	8.243958	10.313754	0.885620	0.614243	0.011640
2155	8.723676	8.255116	10.733372	0.871216	0.644076	0.011628
2156	8.740356	8.266398	10.243415	0.887329	0.617340	0.011616
2157	8.733787	8.238043	10.206561	0.888346	0.612264	0.011605
2158	8.708443	8.212135	10.150503	0.889282	0.606479	0.011593
2159	8.768597	8.262057	10.091854	0.893962	0.605296	0.011582
2160	8.753446	8.246802	10.299656	0.885925	0.614932	0.011570
2161	8.687673	8.248921	9.881723	0.898499	0.594499	0.011558
2162	8.680698	8.263297	10.251070	0.884664	0.616572	0.011547
2163	8.729435	8.256910	9.974314	0.896729	0.600842	0.011535
2164	8.735295	8.248299	10.085751	0.892761	0.607975	0.011524
2165	8.701356	8.293272	10.389429	0.880900	0.626152	0.011512
2166	8.656411	8.266784	10.332010	0.881022	0.619264	0.011501
2167	8.679315	8.216120	10.476522	0.877299	0.629009	0.011489
2168	8.686899	8.256722	10.367146	0.881063	0.622667	0.011478
2169	8.658455	8.215255	10.385584	0.879374	0.623071	0.011466
2170	8.698165	8.239881	10.654676	0.872599	0.636351	0.011455
2171	8.691505	8.263442	10.324755	0.882629	0.618366	0.011444
2172	8.675800	8.265379	10.065659	0.890971	0.604293	0.011432
2173	8.710197	8.194492	10.474051	0.878540	0.628119	0.011421
2174	8.765340	8.235661	10.412464	0.882629	0.620386	0.011409
2175	8.671856	8.246090	10.012505	0.892761	0.605342	0.011398
2176	8.677758	8.239206	10.225452	0.885417	0.613533	0.011387
2177	8.674167	8.220962	10.098059	0.889730	0.609296	0.011375
2178	8.668745	8.212426	10.541195	0.874919	0.629392	0.011364
2179	8.776836	8.230967	10.213001	0.889893	0.609396	0.011353
2180	8.743025	8.236906	10.259495	0.886882	0.613218	0.011341
2181	8.713995	8.255252	10.329317	0.883362	0.619264	0.011330
2182	8.719797	8.266016	10.324570	0.883748	0.619584	0.011319
2183	8.729078	8.213308	10.275755	0.885763	0.613607	0.011307
2184	8.738902	8.235703	10.384779	0.882507	0.623150	0.011296
2185	8.770189	8.238417	10.066096	0.894999	0.599857	0.011285
2186	8.713473	8.299471	10.127941	0.890299	0.605419	0.011273
2187	8.729168	8.311542	10.266326	0.886088	0.611727	0.011262
2188	8.697588	8.250474	10.333832	0.882568	0.617709	0.011251
2189	8.718750	8.232276	10.385714	0.881694	0.623073	0.011240
2190	8.712932	8.226983	9.988661	0.895447	0.600187	0.011229
2191	8.710057	8.232572	10.090322	0.891520	0.608138	0.011217
2192	8.691835	8.282246	10.208834	0.886556	0.613317	0.011206
2193	8.671266	8.248312	10.263468	0.883870	0.616635	0.011195
2194	8.767018	8.263157	10.427546	0.882202	0.622687	0.011184
2195	8.709654	8.273107	10.526297	0.876892	0.626672	0.011173
2196	8.807283	8.293835	10.157803	0.893168	0.605634	0.011161
2197	8.776295	8.306468	10.541174	0.878927	0.627481	0.011150
2198	8.740575	8.297891	9.981803	0.896932	0.597703	0.011139
2199	8.778635	8.318685	10.036861	0.896484	0.598268	0.011128
2200	8.714666	8.288372	10.522478	0.877197	0.633190	0.011117
2201	8.702043	8.280097	10.627817	0.873535	0.632582	0.011106
2202	8.756630	8.258957	10.308788	0.885742	0.615213	0.011095
2203	8.757695	8.318925	10.438389	0.881490	0.621136	0.011084
2204	8.684583	8.274708	10.318996	0.882548	0.617755	0.011073
2205	8.688197	8.278188	10.369321	0.881042	0.620247	0.011062
2206	8.719615	8.246133	10.427677	0.880371	0.626904	0.011051
2207	8.722881	8.265524	10.026283	0.894450	0.598780	0.011040
2208	8.743042	8.273654	10.444899	0.880717	0.624133	0.011029
2209	8.756226	8.277613	9.886992	0.901428	0.591612	0.011018
2210	8.685840	8.294458	10.375934	0.880737	0.621463	0.011007
2211	8.684211	8.273234	10.701658	0.870728	0.637820	0.010996
2212	8.690309	8.308553	10.772467	0.868917	0.641502	0.010985
2213	8.637247	8.247074	10.385046	0.878581	0.625089	0.010974
2214	8.718985	8.288255	10.042346	0.893677	0.601587	0.010963
2215	8.733746	8.315734	10.464348	0.879740	0.625316	0.010952
2216	8.767895	8.261455	10.227294	0.889018	0.609145	0.010941
2217	8.708511	8.288935	10.411864	0.880452	0.624335	0.010930
2218	8.706789	8.277233	10.665931	0.872579	0.638233	0.010919
2219	8.760901	8.315573	10.158200	0.891195	0.606765	0.010908
2220	8.666346	8.289269	9.953826	0.894735	0.598617	0.010897
2221	8.725888	8.336559	10.174276	0.889160	0.610479	0.010886
2222	8.713361	8.327393	10.343313	0.882874	0.624953	0.010875
2223	8.713876	8.305270	10.201869	0.887695	0.612102	0.010865
2224	8.749092	8.311225	10.335477	0.884542	0.617020	0.010854
2225	8.741677	8.320529	10.233833	0.887716	0.615834	0.010843
2226	8.704704	8.315657	10.679314	0.872111	0.638780	0.010832
2227	8.706112	8.294070	10.321810	0.883301	0.623411	0.010821
2228	8.738753	8.300127	10.134202	0.891134	0.609686	0.010810
2229	8.700211	8.300357	10.215725	0.886658	0.613449	0.010800
2230	8.716297	8.296894	10.055051	0.893087	0.602343	0.010789
2231	8.736759	8.336793	10.568989	0.876587	0.631381	0.010778
2232	8.695974	8.303797	10.582390	0.874674	0.633428	0.010767
2233	8.743658	8.323860	10.617445	0.875366	0.633683	0.010757
2234	8.741807	8.287400	10.236910	0.887614	0.611393	0.010746
2235	8.725346	8.346487	10.113617	0.891317	0.607088	0.010735
2236	8.786623	8.335632	10.205569	0.890564	0.613240	0.010724
2237	8.751021	8.322928	10.440513	0.881165	0.626307	0.010714
2238	8.651856	8.311143	10.017374	0.891724	0.604478	0.010703
2239	8.744947	8.346272	10.319683	0.884908	0.619578	0.010692
2240	8.731323	8.292943	10.330892	0.883993	0.625401	0.010682
2241	8.695083	8.328493	10.056362	0.892131	0.604951	0.010671
2242	8.761593	8.319844	10.026892	0.896118	0.599754	0.010660
2243	8.702148	8.288334	10.219768	0.886597	0.613556	0.010650
2244	8.700383	8.335321	10.403412	0.880412	0.623799	0.010639
2245	8.734500	8.314957	10.405727	0.881653	0.624122	0.010629
2246	8.727926	8.344846	10.623304	0.874613	0.635021	0.010618
2247	8.783800	8.344517	10.756785	0.872681	0.641425	0.010607
2248	8.736827	8.387244	10.618581	0.875081	0.634071	0.010597
2249	8.771837	8.338799	10.336913	0.885396	0.615528	0.010586
2250	8.746138	8.312689	10.719694	0.872416	0.638991	0.010576
2251	8.727392	8.329607	10.210118	0.887960	0.610245	0.010565
2252	8.695537	8.346519	10.161861	0.888346	0.610850	0.010554
2253	8.754597	8.358217	10.271893	0.886922	0.614462	0.010544
2254	8.735800	8.382000	10.400393	0.881877	0.619636	0.010533
2255	8.727713	8.368589	10.307800	0.884623	0.616734	0.010523
2256	8.746488	8.370613	10.620882	0.875366	0.635225	0.010512
2257	8.729543	8.364601	10.330615	0.883931	0.617571	0.010502
2258	8.693805	8.351642	10.267754	0.884623	0.613658	0.010491
2259	8.712903	8.364325	10.198400	0.887777	0.610378	0.010481
2260	8.710382	8.312349	10.312812	0.883769	0.618536	0.010471
2261	8.771467	8.325327	10.706409	0.873718	0.637320	0.010460
2262	8.740541	8.357631	10.652259	0.874207	0.637446	0.010450
2263	8.752102	8.316976	10.335392	0.884664	0.616661	0.010439
2264	8.684178	8.347848	10.325304	0.882324	0.620126	0.010429
2265	8.725754	8.366228	10.436924	0.880310	0.628455	0.010418
2266	8.748261	8.331216	10.479816	0.879801	0.625422	0.010408
2267	8.716293	8.331934	9.993046	0.895426	0.598699	0.010398
2268	8.716610	8.348209	10.468843	0.878947	0.627512	0.010387
2269	8.788261	8.382411	10.509130	0.880391	0.626112	0.010377
2270	8.758962	8.392649	10.209964	0.889262	0.609014	0.010366
2271	8.755404	8.370018	10.718542	0.872782	0.641516	0.010356
2272	8.806998	8.372389	10.422276	0.883931	0.622246	0.010346
2273	8.699725	8.324217	10.536767	0.876200	0.634058	0.010335
2274	8.727354	8.348922	10.512895	0.877970	0.628150	0.010325
2275	8.720977	8.364883	10.523529	0.877401	0.628637	0.010315
2276	8.791394	8.316084	10.207703	0.890686	0.608595	0.010305
2277	8.726113	8.337422	10.643534	0.873942	0.635885	0.010294
2278	8.776857	8.367773	10.605524	0.876953	0.631874	0.010284
2279	8.778472	8.294714	10.563335	0.878316	0.633467	0.010274
2280	8.760102	8.362342	10.044875	0.895365	0.600048	0.010264
2281	8.693576	8.328264	10.717428	0.870605	0.639911	0.010253
2282	8.737843	8.324007	9.951141	0.898010	0.593559	0.010243
2283	8.699530	8.301709	9.924539	0.897339	0.596481	0.010233
2284	8.757141	8.387928	10.459205	0.880798	0.624767	0.010223
2285	8.779582	8.354110	10.570561	0.878133	0.631681	0.010212
2286	8.829634	8.406235	10.270414	0.890035	0.612292	0.010202
2287	8.788060	8.413762	10.102829	0.894389	0.610074	0.010192
2288	8.749342	8.393133	10.312208	0.885335	0.616565	0.010182
2289	8.748397	8.387079	10.303288	0.885600	0.616039	0.010172
2290	8.727526	8.335657	10.167025	0.889486	0.609728	0.010162
2291	8.713924	8.383445	10.414537	0.880575	0.622503	0.010151
2292	8.707721	8.346109	10.396399	0.880920	0.628124	0.010141
2293	8.766292	8.367699	9.944555	0.899556	0.594419	0.010131
2294	8.779778	8.349214	10.479891	0.881002	0.627190	0.010121
2295	8.752891	8.386153	10.059157	0.894511	0.605515	0.010111
2296	8.746856	8.385901	10.451992	0.880636	0.628683	0.010101
2297	8.782696	8.328885	10.489727	0.880798	0.628530	0.010091
2298	8.743486	8.333407	10.377836	0.882914	0.619953	0.010081
2299	8.725154	8.312955	10.311439	0.884399	0.619060	0.010071
2300	8.750068	8.302997	10.845098	0.868958	0.647353	0.010061
2301	8.707288	8.346909	10.553907	0.875956	0.631718	0.010051
2302	8.722027	8.371908	10.338224	0.883382	0.625693	0.010041
2303	8.765296	8.346587	10.228884	0.888855	0.613320	0.010030
2304	8.742388	8.369873	10.096144	0.892680	0.607880	0.010020
2305	8.709534	8.385701	10.509721	0.877401	0.633588	0.010010
2306	8.746511	8.350825	10.669783	0.873901	0.636752	0.010000
2307	8.825539	8.380617	10.703317	0.875773	0.640768	0.009990
2308	8.788389	8.385245	10.768684	0.872498	0.641887	0.009981
2309	8.743214	8.434185	10.098752	0.892619	0.607966	0.009971
2310	8.818218	8.395254	10.584362	0.879150	0.632647	0.009961
2311	8.738101	8.392147	10.437730	0.880758	0.628864	0.009951
2312	8.752913	8.398706	10.489238	0.879679	0.627075	0.009941
2313	8.807322	8.400660	10.340302	0.886698	0.620166	0.009931
2314	8.796954	8.381104	10.571198	0.878764	0.629700	0.009921
2315	8.775868	8.376998	10.514816	0.879740	0.628885	0.009911
2316	8.756149	8.401589	10.309420	0.885701	0.616555	0.009901
2317	8.754575	8.396385	10.346209	0.884399	0.623257	0.009891
2318	8.763217	8.344656	10.593021	0.876831	0.633755	0.009881
2319	8.778276	8.395815	10.233053	0.889242	0.617876	0.009872
2320	8.773547	8.407241	10.239092	0.888835	0.615313	0.009862
2321	8.759986	8.327235	9.940959	0.899414	0.596525	0.009852
2322	8.756610	8.378431	10.004838	0.896749	0.600128	0.009842
2323	8.762444	8.406632	9.957531	0.898865	0.596655	0.009832
2324	8.806768	8.382731	10.181623	0.892273	0.609820	0.009822
2325	8.824964	8.393433	10.409236	0.885071	0.626251	0.009813
2326	8.751199	8.352929	10.337358	0.884562	0.617406	0.009803
2327	8.748665	8.430744	10.088003	0.893250	0.604932	0.009793
2328	8.746274	8.394875	10.303787	0.885498	0.616501	0.009783
2329	8.834112	8.434113	10.409693	0.885417	0.623852	0.009773
2330	8.801013	8.422609	10.316277	0.887268	0.620244	0.009764
2331	8.763382	8.449715	10.074459	0.894389	0.602848	0.009754
2332	8.751690	8.416466	10.398733	0.882548	0.628858	0.009744
2333	8.816506	8.439295	10.243700	0.890442	0.611310	0.009734
2334	8.787554	8.421744	10.336191	0.886047	0.617726	0.009725
2335	8.779486	8.411659	10.471310	0.881266	0.628660	0.009715
2336	8.752905	8.369058	10.459856	0.880615	0.630419	0.009705
2337	8.789417	8.427181	10.093019	0.894816	0.607623	0.009696
2338	8.798583	8.359715	10.348564	0.886068	0.617937	0.009686
2339	8.779041	8.398660	10.544473	0.878927	0.631817	0.009676
2340	8.820129	8.410365	10.519784	0.881266	0.627098	0.009667
2341	8.752572	8.412826	10.299822	0.885885	0.620164	0.009657
2342	8.776535	8.371206	10.369114	0.884501	0.622820	0.009647
2343	8.771185	8.409372	10.574231	0.877706	0.633752	0.009638
2344	8.756491	8.381074	10.167742	0.890666	0.613689	0.009628
2345	8.746152	8.392410	10.684437	0.873454	0.637590	0.009619
2346	8.720054	8.388153	10.209103	0.887695	0.614445	0.009609
2347	8.812412	8.393509	10.190383	0.892192	0.610339	0.009599
2348	8.700532	8.331475	10.199666	0.887227	0.609574	0.009590
2349	8.795034	8.362461	10.414268	0.883728	0.620963	0.009580
2350	8.791062	8.345384	10.441772	0.882670	0.622855	0.009571
2351	8.790119	8.383036	10.284088	0.887939	0.615021	0.009561
2352	8.783875	8.401692	10.340862	0.885742	0.617243	0.009552
2353	8.745074	8.378378	10.066411	0.893901	0.606574	0.009542
2354	8.780902	8.352692	10.331961	0.885925	0.618550	0.009532
2355	8.769918	8.405767	10.041197	0.895935	0.600617	0.009523
2356	8.731013	8.372403	10.147762	0.890320	0.611302	0.009513
2357	8.795587	8.428515	10.168697	0.892273	0.607827	0.009504
2358	8.803557	8.437048	10.407768	0.884277	0.623756	0.009494
2359	8.776944	8.412314	10.299891	0.886861	0.619007	0.009485
2360	8.718480	8.375067	10.228340	0.886963	0.616301	0.009476
2361	8.876211	8.446232	10.347219	0.889242	0.617067	0.009466
2362	8.792500	8.435053	10.085784	0.895223	0.603201	0.009457
2363	8.834378	8.417652	10.300194	0.889181	0.614163	0.009447
2364	8.775964	8.403446	10.359319	0.884806	0.619609	0.009438
2365	8.826872	8.455017	10.354907	0.886983	0.618445	0.009428
2366	8.785143	8.411039	10.135021	0.893066	0.609756	0.009419
2367	8.843683	8.391820	10.483667	0.883341	0.626891	0.009410
2368	8.805475	8.390668	10.227465	0.890564	0.614629	0.009400
2369	8.818413	8.424847	10.063316	0.897217	0.601707	0.009391
2370	8.781628	8.441039	10.131517	0.893046	0.608383	0.009381
2371	8.793426	8.453106	10.432764	0.883057	0.624036	0.009372
2372	8.839965	8.432983	10.429979	0.884969	0.623358	0.009363
2373	8.837513	8.394438	10.305011	0.889140	0.618466	0.009353
2374	8.809314	8.402256	10.287819	0.888590	0.616566	0.009344
2375	8.799232	8.414663	10.472768	0.881978	0.628584	0.009335
2376	8.796109	8.420383	10.507021	0.880758	0.625674	0.009325
2377	8.767409	8.403989	10.208324	0.889669	0.610328	0.009316
2378	8.791712	8.383412	10.720798	0.874023	0.640377	0.009307
2379	8.726986	8.406888	10.543283	0.877014	0.632493	0.009297
2380	8.752355	8.420835	10.881362	0.868022	0.649854	0.009288
2381	8.736723	8.428348	10.703294	0.872559	0.640373	0.009279
2382	8.770776	8.390721	10.678185	0.874532	0.638149	0.009270
2383	8.781316	8.386837	10.437676	0.882426	0.625513	0.009260
2384	8.739859	8.409749	10.378479	0.882751	0.623859	0.009251
2385	8.771257	8.414243	10.242794	0.888611	0.616563	0.009242
2386	8.831926	8.410220	10.344808	0.887533	0.617306	0.009233
2387	8.767272	8.414811	10.193887	0.890177	0.611375	0.009224
2388	8.762860	8.408554	10.067914	0.894613	0.604837	0.009214
2389	8.761596	8.411686	10.061611	0.894796	0.605190	0.009205
2390	8.741733	8.415578	10.360353	0.883423	0.621441	0.009196
2391	8.740150	8.427074	10.507475	0.878621	0.626815	0.009187
2392	8.740462	8.417889	10.222496	0.888062	0.614098	0.009178
2393	8.729300	8.418559	10.365322	0.882772	0.623227	0.009168
2394	8.765813	8.427497	10.401241	0.883016	0.623312	0.009159
2395	8.763399	8.442958	10.141499	0.891907	0.606542	0.009150
2396	8.777193	8.370141	10.327598	0.885925	0.616359	0.009141
2397	8.733076	8.387776	10.418473	0.881185	0.628744	0.009132
2398	8.724649	8.396956	10.410308	0.881124	0.627817	0.009123
2399	8.765601	8.350219	10.844856	0.869507	0.645476	0.009114
2400	8.779411	8.382763	10.201168	0.890422	0.608413	0.009105
2401	8.727820	8.394853	10.023896	0.894755	0.603515	0.009095
2402	8.769100	8.407044	10.193167	0.890279	0.608957	0.009086
2403	8.804989	8.447805	10.310898	0.887614	0.616101	0.009077
2404	8.738841	8.398257	10.104753	0.892212	0.609616	0.009068
2405	8.761406	8.398683	10.544758	0.878255	0.629987	0.009059
2406	8.749281	8.437851	10.476557	0.879944	0.626917	0.009050
2407	8.753167	8.427507	10.407953	0.882304	0.621540	0.009041
2408	8.810522	8.364804	10.203331	0.891642	0.609368	0.009032
2409	8.779087	8.400248	10.330425	0.885905	0.616118	0.009023
2410	8.811428	8.400778	10.241796	0.890299	0.614087	0.009014
2411	8.813509	8.412520	10.520790	0.880981	0.627302	0.009005
2412	8.757517	8.425628	10.084545	0.893758	0.605871	0.008996
2413	8.817548	8.382696	10.492048	0.882060	0.629438	0.008987
2414	8.785959	8.422397	10.451326	0.882161	0.624303	0.008978
2415	8.742311	8.408388	10.385107	0.882629	0.621100	0.008969
2416	8.807946	8.387181	10.329144	0.887105	0.616133	0.008960
2417	8.807277	8.415525	10.244410	0.890035	0.614565	0.008951
2418	8.790264	8.425589	10.155870	0.892517	0.607398	0.008942
2419	8.782895	8.421367	10.474743	0.881287	0.627966	0.008933
2420	8.811069	8.464685	10.123302	0.894613	0.605862	0.008925
2421	8.783130	8.436722	10.297678	0.887187	0.619424	0.008916
2422	8.780040	8.447846	10.350805	0.885254	0.618313	0.008907
2423	8.736636	8.437004	10.086749	0.892782	0.604097	0.008898
2424	8.862147	8.419358	10.461050	0.884806	0.624083	0.008889
2425	8.818021	8.411334	10.257480	0.890015	0.616045	0.008880
2426	8.751826	8.429843	9.968100	0.897970	0.599629	0.008871
2427	8.820142	8.448594	10.320390	0.887899	0.622947	0.008862
2428	8.810630	8.406310	10.285277	0.888733	0.617680	0.008854
2429	8.802381	8.439996	10.524096	0.880452	0.628001	0.008845
2430	8.812833	8.444747	10.058001	0.897176	0.600924	0.008836
2431	8.779010	8.411299	10.371428	0.884521	0.618992	0.008827
2432	8.847878	8.434694	10.253379	0.891398	0.611899	0.008818
2433	8.741494	8.422170	10.025673	0.895284	0.601003	0.008809
2434	8.780829	8.397131	10.549219	0.878845	0.632277	0.008801
2435	8.816348	8.420374	10.103460	0.895589	0.604392	0.008792
2436	8.825905	8.474158	10.427443	0.884501	0.623058	0.008783
2437	8.835261	8.460589	10.518806	0.881877	0.626750	0.008774
2438	8.788891	8.459867	10.815027	0.871175	0.644871	0.008766
2439	8.789588	8.406905	10.490332	0.881042	0.626776	0.008757
2440	8.824883	8.482478	10.182529	0.893005	0.606328	0.008748
2441	8.773314	8.435525	9.994650	0.897888	0.598710	0.008739
2442	8.787115	8.457339	10.185214	0.891317	0.613064	0.008731
2443	8.738400	8.439218	10.363167	0.883199	0.623663	0.008722
2444	8.760355	8.414703	9.996017	0.897257	0.603119	0.008713
2445	8.795285	8.436402	10.594067	0.877991	0.635647	0.008705
2446	8.861585	8.436314	10.274942	0.891195	0.615592	0.008696
2447	8.798329	8.445460	10.642136	0.876628	0.637012	0.008687
2448	8.772208	8.441682	10.757234	0.872253	0.639707	0.008678
2449	8.758203	8.442081	10.710888	0.873108	0.641064	0.008670
2450	8.827781	8.462387	10.689845	0.876261	0.639105	0.008661
2451	8.801743	8.453001	10.262722	0.889160	0.614708	0.008653
2452	8.793760	8.446670	10.413376	0.883708	0.624820	0.008644
2453	8.832054	8.417749	10.517517	0.881795	0.627043	0.008635
2454	8.792033	8.422444	10.343859	0.885966	0.618836	0.008627
2455	8.792910	8.407181	10.244922	0.889425	0.612475	0.008618
2456	8.820382	8.461102	10.509940	0.881592	0.628527	0.008609
2457	8.860387	8.457656	10.071941	0.898743	0.601388	0.008601
2458	8.777673	8.467924	10.265432	0.888082	0.618098	0.008592
2459	8.773277	8.456331	10.517505	0.879557	0.628937	0.008584
2460	8.799452	8.390061	10.267002	0.888916	0.616835	0.008575
2461	8.816139	8.432824	10.841457	0.871379	0.644855	0.008567
2462	8.813689	8.476533	10.468024	0.882690	0.629107	0.008558
2463	8.819528	8.458017	10.313208	0.888123	0.620523	0.008549
2464	8.724299	8.453590	10.571858	0.876038	0.636492	0.008541
2465	8.821277	8.455859	10.369251	0.886271	0.621707	0.008532
2466	8.838497	8.482373	10.347179	0.887716	0.619997	0.008524
2467	8.808112	8.484882	10.269569	0.889181	0.615383	0.008515
2468	8.773559	8.489108	10.307200	0.886475	0.622096	0.008507
2469	8.810344	8.501943	10.352807	0.886393	0.619812	0.008498
2470	8.803001	8.491316	10.309749	0.887573	0.617381	0.008490
2471	8.846522	8.479980	10.523369	0.882161	0.628731	0.008481
2472	8.795845	8.502700	10.200411	0.891134	0.610514	0.008473
2473	8.828474	8.490184	10.249046	0.890747	0.611951	0.008465
2474	8.826343	8.494196	10.415736	0.884908	0.625096	0.008456
2475	8.770355	8.492558	10.645816	0.875488	0.638037	0.008448
2476	8.833084	8.484849	10.312657	0.888692	0.618928	0.008439
2477	8.901482	8.484878	10.392512	0.888692	0.619902	0.008431
2478	8.850472	8.491573	10.484256	0.883586	0.625052	0.008422
2479	8.867610	8.471067	10.212976	0.893697	0.611883	0.008414
2480	8.845295	8.489643	10.422262	0.885437	0.622722	0.008406
2481	8.839200	8.477822	10.899105	0.870544	0.648161	0.008397
2482	8.829078	8.503729	10.749852	0.874512	0.641930	0.008389
2483	8.818067	8.523477	10.521774	0.881124	0.630584	0.008380
2484	8.802682	8.488189	10.723191	0.874349	0.641322	0.008372
2485	8.823372	8.494201	10.196911	0.892415	0.613269	0.008364
2486	8.824883	8.492056	10.599533	0.878927	0.634268	0.008355
2487	8.837980	8.486506	10.184361	0.893494	0.611832	0.008347
2488	8.879143	8.512481	10.422222	0.886780	0.622216	0.008339
2489	8.843620	8.515052	10.143342	0.895264	0.606621	0.008330
2490	8.822774	8.529532	10.317003	0.888123	0.617762	0.008322
2491	8.799660	8.519430	10.504259	0.880981	0.628079	0.008314
2492	8.853420	8.496877	10.814781	0.873474	0.643236	0.008305
2493	8.813175	8.489690	10.363325	0.886149	0.620696	0.008297
2494	8.806846	8.494324	10.071238	0.896403	0.607494	0.008289
2495	8.836656	8.483013	10.349164	0.887573	0.616957	0.008281
2496	8.838399	8.500749	10.532043	0.881571	0.629322	0.008272
2497	8.860542	8.504502	10.036635	0.900146	0.597784	0.008264
2498	8.856129	8.470080	10.507782	0.883036	0.627661	0.008256
2499	8.835045	8.519750	10.139453	0.895040	0.606160	0.008248
2500	8.813931	8.507459	10.486486	0.882100	0.627430	0.008239
2501	8.838567	8.488657	10.491315	0.882894	0.630855	0.008231
2502	8.823514	8.476676	10.795639	0.872965	0.644359	0.008223
2503	8.814112	8.488989	10.695543	0.875590	0.638539	0.008215
2504	8.840411	8.491488	10.504150	0.882548	0.625820	0.008207
2505	8.859557	8.504479	10.503109	0.883321	0.624680	0.008198
2506	8.748733	8.474850	10.544540	0.877787	0.629072	0.008190
2507	8.767488	8.455807	10.882661	0.868510	0.650636	0.008182
2508	8.815990	8.486311	10.480145	0.882385	0.631003	0.008174
2509	8.828094	8.505636	10.350989	0.887166	0.619873	0.008166
2510	8.807960	8.530986	10.365603	0.885864	0.619851	0.008158
2511	8.807895	8.510078	10.196357	0.891785	0.610949	0.008149
2512	8.833347	8.491545	10.372052	0.886658	0.621190	0.008141
2513	8.794929	8.485419	10.305601	0.887390	0.618896	0.008133
2514	8.790453	8.497214	10.151097	0.892700	0.605614	0.008125
2515	8.791590	8.474506	10.305822	0.887248	0.618723	0.008117
2516	8.855751	8.514665	10.338535	0.888713	0.619019	0.008109
2517	8.838537	8.481803	10.504435	0.882467	0.627811	0.008101
2518	8.781709	8.485004	10.486641	0.880859	0.630777	0.008093
2519	8.778807	8.447220	10.445950	0.882060	0.623598	0.008085
2520	8.785046	8.472453	10.455256	0.881999	0.623404	0.008076
2521	8.794679	8.471168	10.554811	0.879191	0.632089	0.008068
2522	8.818842	8.499937	10.374797	0.885986	0.621155	0.008060
2523	8.804271	8.464237	9.994795	0.899272	0.598948	0.008052
2524	8.748160	8.493095	10.183056	0.889771	0.612075	0.008044
2525	8.786630	8.491801	10.350727	0.885518	0.617559	0.008036
2526	8.796101	8.528814	10.173754	0.892110	0.607100	0.008028
2527	8.824759	8.491338	10.052734	0.897909	0.601855	0.008020
2528	8.847055	8.514341	10.625509	0.878947	0.635964	0.008012
2529	8.810760	8.524629	10.537958	0.880330	0.629817	0.008004
2530	8.835610	8.476526	10.383097	0.886373	0.622741	0.007996
2531	8.777162	8.487829	10.300739	0.886841	0.616892	0.007988
2532	8.781417	8.451658	10.265722	0.888224	0.617343	0.007980
2533	8.783977	8.461559	10.237392	0.889323	0.610987	0.007972
2534	8.824447	8.508016	10.251213	0.890503	0.613247	0.007964
2535	8.804392	8.463088	10.473881	0.882141	0.627810	0.007956
2536	8.785774	8.446778	10.378201	0.884562	0.621579	0.007948
2537	8.819584	8.474262	10.377476	0.885925	0.619126	0.007941
2538	8.767214	8.464612	10.353237	0.884664	0.618711	0.007933
2539	8.782495	8.486021	10.220159	0.889872	0.610896	0.007925
2540	8.795294	8.490502	10.174495	0.892049	0.608885	0.007917
2541	8.791817	8.489857	10.555269	0.879069	0.630508	0.007909
2542	8.754892	8.472357	10.329000	0.884989	0.617268	0.007901
2543	8.790144	8.463307	10.313007	0.886943	0.618217	0.007893
2544	8.775152	8.450440	10.436595	0.882222	0.627603	0.007885
2545	8.799302	8.458589	10.302471	0.887675	0.617455	0.007877
2546	8.807572	8.484879	10.359137	0.886068	0.622702	0.007869
2547	8.806759	8.514938	10.361784	0.885946	0.618535	0.007862
2548	8.754840	8.494914	10.128254	0.892029	0.608633	0.007854
2549	8.804921	8.497365	10.246256	0.889872	0.615682	0.007846
2550	8.790736	8.503296	10.182100	0.891581	0.609202	0.007838
2551	8.752870	8.467533	10.537094	0.878174	0.633377	0.007830
2552	8.787755	8.468609	10.498316	0.880717	0.627771	0.007822
2553	8.803846	8.477172	10.219320	0.890788	0.611944	0.007815
2554	8.800939	8.490801	10.253122	0.889465	0.611436	0.007807
2555	8.777706	8.502588	10.111620	0.893616	0.605514	0.007799
2556	8.760764	8.486966	10.521873	0.878947	0.630793	0.007791
2557	8.803851	8.509896	10.158815	0.892985	0.608116	0.007784
2558	8.780752	8.498732	10.395514	0.883789	0.623683	0.007776
2559	8.801690	8.490014	10.135960	0.893738	0.605181	0.007768
2560	8.764048	8.483521	10.218195	0.889181	0.609883	0.007760
2561	8.729415	8.472728	10.161236	0.889771	0.608350	0.007753
2562	8.798468	8.489865	10.217052	0.890645	0.614054	0.007745
2563	8.723196	8.477264	10.112244	0.891276	0.609593	0.007737
2564	8.783388	8.471285	10.247681	0.888936	0.612262	0.007729
2565	8.828854	8.500456	10.535283	0.881104	0.625947	0.007722
2566	8.796036	8.497408	9.989543	0.899109	0.595040	0.007714
2567	8.795081	8.476648	10.271196	0.888590	0.611941	0.007706
2568	8.809607	8.479627	10.197777	0.891805	0.608950	0.007699
2569	8.753050	8.484938	9.919414	0.899963	0.593428	0.007691
2570	8.787824	8.457306	10.224070	0.889954	0.609329	0.007683
2571	8.829024	8.500574	10.284108	0.889526	0.615904	0.007675
2572	8.787491	8.499391	10.780178	0.872131	0.641356	0.007668
2573	8.806486	8.485492	10.164069	0.892904	0.609046	0.007660
2574	8.808497	8.484720	10.398939	0.884766	0.622303	0.007653
2575	8.765623	8.485289	10.245512	0.888285	0.615385	0.007645
2576	8.775416	8.508054	10.164917	0.891561	0.609179	0.007637
2577	8.843087	8.509600	10.520544	0.882121	0.628525	0.007630
2578	8.831003	8.501779	10.529575	0.881368	0.628168	0.007622
2579	8.817688	8.515719	10.323408	0.887695	0.615776	0.007614
2580	8.790020	8.533730	10.608166	0.877360	0.630790	0.007607
2581	8.772612	8.502797	10.498726	0.880127	0.625438	0.007599
2582	8.811284	8.478471	10.325357	0.887370	0.618808	0.007592
2583	8.802518	8.509145	10.207020	0.891174	0.610519	0.007584
2584	8.804429	8.473478	10.473297	0.882161	0.625003	0.007576
2585	8.783586	8.500556	10.434761	0.882609	0.621908	0.007569
2586	8.830091	8.515133	10.271521	0.890015	0.612972	0.007561
2587	8.796891	8.509891	10.072081	0.895935	0.602062	0.007554
2588	8.809368	8.493323	10.480429	0.882121	0.626261	0.007546
2589	8.769233	8.492311	10.678350	0.874471	0.641135	0.007539
2590	8.827384	8.519792	10.719793	0.875346	0.639201	0.007531
2591	8.810087	8.495988	10.624435	0.877604	0.634369	0.007524
2592	8.806189	8.516741	10.393170	0.884867	0.621413	0.007516
2593	8.838877	8.470392	10.657165	0.877665	0.637081	0.007509
2594	8.819844	8.473042	10.204016	0.892008	0.611826	0.007501
2595	8.788133	8.538398	10.491769	0.880941	0.626845	0.007494
2596	8.843805	8.537781	10.202698	0.893066	0.607636	0.007486
2597	8.850338	8.532887	10.366966	0.887512	0.619664	0.007479
2598	8.864141	8.497463	10.383135	0.887512	0.621301	0.007471
2599	8.845091	8.505619	10.377474	0.886943	0.619372	0.007464
2600	8.871511	8.547809	10.315088	0.890177	0.617485	0.007456
2601	8.808615	8.479071	10.502247	0.881388	0.627181	0.007449
2602	8.834952	8.513201	10.765943	0.874247	0.642848	0.007442
2603	8.844327	8.487313	10.482566	0.883403	0.627218	0.007434
2604	8.823513	8.504593	10.373079	0.886230	0.621809	0.007427
2605	8.799004	8.487088	10.643620	0.876607	0.634539	0.007419
2606	8.868041	8.524986	10.679052	0.878072	0.636548	0.007412
2607	8.842448	8.531691	10.318336	0.888875	0.615204	0.007404
2608	8.822534	8.516202	10.680802	0.876343	0.638318	0.007397
2609	8.854055	8.548994	10.492851	0.883443	0.626412	0.007390
2610	8.857768	8.542999	10.311220	0.889750	0.616770	0.007382
2611	8.854681	8.543813	10.346666	0.888387	0.616784	0.007375
2612	8.839932	8.530430	10.459398	0.883993	0.625083	0.007368
2613	8.877805	8.551402	10.524742	0.883321	0.625767	0.007360
2614	8.843437	8.568723	10.185137	0.893697	0.608990	0.007353
2615	8.830240	8.527001	10.212119	0.892151	0.609776	0.007346
2616	8.876019	8.534357	10.456028	0.885518	0.626398	0.007338
2617	8.847659	8.553112	10.457445	0.884359	0.623250	0.007331
2618	8.873473	8.571973	10.372159	0.888265	0.620546	0.007324
2619	8.841724	8.540736	10.386681	0.886495	0.623884	0.007316
2620	8.851996	8.527776	10.374253	0.887329	0.620249	0.007309
2621	8.856388	8.552930	10.169380	0.894836	0.607509	0.007302
2622	8.857229	8.552849	10.786192	0.874451	0.642541	0.007294
2623	8.909213	8.567501	10.374016	0.889648	0.619725	0.007287
2624	8.836294	8.550098	10.190708	0.893188	0.609247	0.007280
2625	8.865789	8.563773	10.166603	0.895345	0.606814	0.007273
2626	8.862126	8.562585	10.173248	0.894938	0.608625	0.007265
2627	8.911497	8.575933	10.353491	0.890462	0.617697	0.007258
2628	8.878988	8.549447	10.460135	0.885498	0.624004	0.007251
2629	8.837050	8.554409	10.483274	0.883097	0.626721	0.007244
2630	8.838448	8.536961	10.313085	0.888896	0.615373	0.007236
2631	8.906650	8.542930	10.315224	0.891622	0.614675	0.007229
2632	8.898361	8.531545	10.387104	0.888753	0.619831	0.007222
2633	8.806874	8.528842	10.216597	0.891012	0.612531	0.007215
2634	8.838696	8.558091	10.380129	0.886597	0.620179	0.007208
2635	8.801520	8.572673	10.333490	0.886698	0.619274	0.007200
2636	8.888649	8.531835	10.329248	0.890381	0.616003	0.007193
2637	8.836897	8.555539	10.164436	0.894185	0.609871	0.007186
2638	8.856484	8.541672	10.387259	0.887065	0.622731	0.007179
2639	8.909976	8.528472	10.710319	0.878662	0.636504	0.007172
2640	8.813826	8.552030	10.231474	0.890767	0.611345	0.007164
2641	8.827239	8.574385	10.544846	0.880737	0.635426	0.007157
2642	8.781229	8.517783	10.257928	0.888489	0.615522	0.007150
2643	8.856845	8.538229	10.480028	0.883972	0.628644	0.007143
2644	8.807719	8.538937	10.385254	0.885193	0.619599	0.007136
2645	8.869042	8.560348	10.523103	0.883036	0.628329	0.007129
2646	8.847426	8.574709	10.563196	0.880920	0.630357	0.007122
2647	8.857544	8.591864	10.325458	0.889242	0.615304	0.007115
2648	8.842975	8.590497	10.310799	0.889160	0.615479	0.007107
2649	8.848635	8.562382	10.252558	0.891459	0.613054	0.007100
2650	8.838841	8.525546	10.402550	0.885844	0.620652	0.007093
2651	8.839094	8.551562	10.155501	0.894613	0.607213	0.007086
2652	8.863670	8.572861	10.381989	0.887533	0.620022	0.007079
2653	8.887435	8.539933	10.291836	0.891663	0.612479	0.007072
2654	8.861168	8.545149	10.458056	0.884867	0.622955	0.007065
2655	8.821520	8.567005	10.364143	0.886454	0.622172	0.007058
2656	8.895226	8.579521	10.416568	0.887614	0.623771	0.007051
2657	8.893965	8.580186	10.407363	0.887878	0.622181	0.007044
2658	8.846191	8.559241	10.466187	0.884013	0.627457	0.007037
2659	8.842398	8.526302	10.292174	0.889791	0.614498	0.007030
2660	8.844266	8.569659	10.224976	0.892273	0.612798	0.007023
2661	8.840845	8.579897	10.356440	0.887492	0.619496	0.007016
2662	8.810817	8.532639	10.167407	0.892965	0.610079	0.007009
2663	8.867538	8.552192	10.511322	0.883362	0.628524	0.007002
2664	8.833563	8.572383	10.413296	0.885274	0.622450	0.006995
2665	8.870509	8.530992	10.586269	0.881063	0.630049	0.006988
2666	8.852285	8.554837	10.457380	0.884542	0.623301	0.006981
2667	8.829118	8.550384	10.283062	0.889567	0.614438	0.006974
2668	8.820548	8.537221	10.431541	0.884155	0.623603	0.006967
2669	8.846358	8.539164	10.672164	0.877482	0.636668	0.006960
2670	8.812325	8.526431	10.291918	0.888570	0.617208	0.006953
2671	8.879166	8.523964	10.331497	0.889913	0.618672	0.006946
2672	8.823276	8.527593	10.259577	0.890157	0.618562	0.006939
2673	8.882736	8.551227	10.363590	0.888936	0.619057	0.006932
2674	8.837489	8.589292	10.674114	0.877096	0.634456	0.006925
2675	8.873442	8.574021	10.638887	0.879517	0.634010	0.006918
2676	8.810732	8.560958	10.343710	0.886719	0.621780	0.006912
2677	8.812485	8.576261	10.289773	0.888652	0.617100	0.006905
2678	8.847348	8.577179	10.216799	0.892700	0.608615	0.006898
2679	8.838168	8.581551	10.101207	0.896627	0.605561	0.006891
2680	8.819588	8.574935	10.415697	0.884644	0.628755	0.006884
2681	8.854128	8.555298	10.525482	0.882385	0.629658	0.006877
2682	8.839701	8.608087	10.484549	0.883158	0.627632	0.006870
2683	8.930759	8.569772	10.497337	0.886292	0.625418	0.006863
2684	8.847026	8.561673	10.190923	0.893636	0.611589	0.006857
2685	8.828775	8.575826	10.218841	0.891846	0.612000	0.006850
2686	8.885449	8.581243	10.732042	0.877096	0.638593	0.006843
2687	8.815890	8.577828	10.238422	0.890605	0.613098	0.006836
2688	8.863166	8.557390	10.403468	0.886780	0.619386	0.006829
2689	8.831042	8.569861	10.488008	0.882711	0.630709	0.006822
2690	8.813471	8.528669	10.247603	0.890177	0.618016	0.006816
2691	8.911773	8.531330	10.296257	0.892517	0.614390	0.006809
2692	8.819121	8.528481	10.202059	0.892049	0.612998	0.006802
2693	8.819097	8.563875	10.363691	0.886373	0.618699	0.006795
2694	8.866185	8.536543	10.276865	0.891317	0.612458	0.006788
2695	8.867499	8.547385	10.521898	0.883016	0.628867	0.006782
2696	8.810075	8.541810	10.268965	0.889282	0.612054	0.006775
2697	8.810185	8.541806	10.144646	0.893778	0.609084	0.006768
2698	8.824010	8.572450	10.300314	0.888753	0.616970	0.006761
2699	8.860045	8.592040	10.394421	0.886963	0.623444	0.006755
2700	8.847296	8.576684	10.187378	0.893778	0.611366	0.006748
2701	8.853977	8.568040	10.578712	0.880676	0.632496	0.006741
2702	8.833797	8.567187	10.280435	0.889852	0.615665	0.006734
2703	8.851172	8.565103	10.387595	0.886841	0.623452	0.006728
2704	8.857978	8.569519	10.302231	0.890076	0.617130	0.006721
2705	8.824051	8.574839	10.332039	0.887655	0.619794	0.006714
2706	8.876807	8.580141	10.575899	0.881632	0.631148	0.006708
2707	8.842917	8.585381	10.227341	0.892131	0.610625	0.006701
2708	8.866599	8.580426	10.241826	0.892598	0.611692	0.006694
2709	8.852065	8.557110	10.207233	0.893250	0.611570	0.006687
2710	8.826500	8.559099	10.351497	0.887085	0.620787	0.006681
2711	8.863097	8.575964	10.470768	0.884521	0.624603	0.006674
2712	8.826122	8.559341	10.010382	0.899638	0.598243	0.006667
2713	8.780663	8.554531	10.405874	0.883443	0.626644	0.006661
2714	8.846004	8.564489	10.713261	0.876221	0.639652	0.006654
2715	8.852946	8.558696	10.555738	0.881368	0.631734	0.006648
2716	8.836712	8.551869	10.304658	0.889119	0.618348	0.006641
2717	8.840894	8.556805	10.353535	0.887594	0.620097	0.006634
2718	8.865684	8.556666	10.606878	0.880229	0.632001	0.006628
2719	8.858749	8.582486	10.497169	0.883484	0.625835	0.006621
2720	8.838089	8.585711	10.397440	0.885986	0.619472	0.006614
2721	8.876343	8.583007	10.370213	0.888448	0.619974	0.006608
2722	8.882368	8.570138	10.424207	0.886841	0.623917	0.006601
2723	8.862075	8.580763	10.206602	0.893697	0.613180	0.006595
2724	8.845234	8.591134	10.182804	0.893860	0.610098	0.006588
2725	8.876300	8.554381	10.488831	0.884440	0.626748	0.006581
2726	8.824669	8.596983	10.336308	0.887533	0.620253	0.006575
2727	8.848007	8.588708	10.322489	0.888957	0.616754	0.006568
2728	8.899405	8.596313	10.651766	0.880086	0.634155	0.006562
2729	8.854903	8.564496	10.272314	0.891012	0.613735	0.006555
2730	8.828133	8.596958	10.270391	0.889974	0.616343	0.006549
2731	8.806547	8.548437	10.117023	0.894653	0.604852	0.006542
2732	8.894979	8.564843	10.196279	0.895487	0.608162	0.006536
2733	8.920731	8.574101	10.535145	0.884644	0.628028	0.006529
2734	8.853983	8.594173	10.275236	0.890869	0.613739	0.006523
2735	8.878193	8.568599	10.576277	0.881673	0.628918	0.006516
2736	8.829617	8.557797	10.026651	0.899150	0.601820	0.006510
2737	8.896555	8.572085	10.560776	0.882874	0.631444	0.006503
2738	8.867804	8.594962	10.556916	0.881897	0.629558	0.006497
2739	8.877241	8.611532	10.361279	0.888794	0.618926	0.006490
2740	8.848962	8.552133	10.194256	0.893595	0.610694	0.006484
2741	8.887666	8.591290	10.544573	0.883057	0.628363	0.006477
2742	8.864110	8.582501	10.352985	0.888550	0.615971	0.006471
2743	8.850391	8.586006	10.158692	0.894979	0.607734	0.006464
2744	8.884247	8.614234	10.322407	0.890442	0.614655	0.006458
2745	8.847533	8.590169	10.586452	0.880188	0.631115	0.006451
2746	8.863350	8.603542	10.419912	0.886230	0.621793	0.006445
2747	8.861093	8.595496	10.294931	0.890462	0.617060	0.006438
2748	8.851933	8.597540	10.380728	0.887105	0.621887	0.006432
2749	8.825691	8.624280	10.396135	0.885539	0.622869	0.006426
2750	8.855024	8.600169	10.191324	0.893962	0.608048	0.006419
2751	8.865746	8.608384	10.365484	0.888184	0.623581	0.006413
2752	8.837175	8.612366	10.341500	0.887858	0.619180	0.006406
2753	8.842358	8.612300	10.744793	0.875142	0.639655	0.006400
2754	8.837121	8.609725	10.214477	0.892354	0.611033	0.006394
2755	8.833965	8.619631	10.314854	0.888652	0.617513	0.006387
2756	8.856042	8.644825	10.427033	0.885701	0.623751	0.006381
2757	8.907779	8.609036	10.446818	0.887085	0.621176	0.006375
2758	8.869346	8.612594	10.433607	0.886007	0.625320	0.006368
2759	8.894585	8.622847	10.327518	0.890686	0.615212	0.006362
2760	8.873065	8.621711	10.379949	0.887980	0.619917	0.006355
2761	8.866875	8.617062	10.158667	0.895691	0.607100	0.006349
2762	8.898033	8.622727	10.621688	0.880981	0.631790	0.006343
2763	8.874429	8.643434	10.484156	0.884521	0.629243	0.006336
2764	8.870025	8.607243	10.270542	0.891703	0.613581	0.006330
2765	8.886210	8.629690	10.355375	0.889364	0.619574	0.006324
2766	8.878287	8.609970	10.148127	0.896586	0.606524	0.006318
2767	8.837651	8.611335	10.395117	0.886047	0.624126	0.006311
2768	8.866986	8.611603	10.566744	0.881551	0.629833	0.006305
2769	8.875391	8.596309	10.477912	0.884766	0.627110	0.006299
2770	8.850297	8.565558	10.287550	0.890279	0.613087	0.006292
2771	8.886551	8.540898	10.374493	0.888713	0.617043	0.006286
2772	8.848118	8.604616	10.496404	0.883097	0.625219	0.006280
2773	8.827516	8.609525	10.646116	0.877584	0.634744	0.006273
2774	8.908471	8.604310	10.524990	0.884501	0.626598	0.006267
2775	8.860788	8.597338	10.597149	0.880351	0.632560	0.006261
2776	8.834795	8.581162	10.739014	0.875041	0.637693	0.006255
2777	8.877613	8.579274	10.562253	0.882100	0.632260	0.006248
2778	8.859466	8.580349	10.710710	0.876790	0.636423	0.006242
2779	8.837867	8.608561	10.499247	0.882609	0.624784	0.006236
2780	8.852063	8.585248	10.354790	0.888000	0.620344	0.006230
2781	8.855553	8.591502	10.394532	0.886780	0.619104	0.006224
2782	8.880884	8.613455	10.222741	0.893901	0.608840	0.006217
2783	8.926571	8.605503	10.241213	0.895162	0.609965	0.006211
2784	8.918659	8.595784	10.528376	0.884786	0.627731	0.006205
2785	8.936402	8.583937	10.680435	0.880575	0.633437	0.006199
2786	8.916883	8.583738	10.278627	0.893372	0.611555	0.006193
2787	8.904963	8.612437	10.397165	0.888672	0.620311	0.006186
2788	8.848577	8.601328	10.308621	0.889465	0.619475	0.006180
2789	8.878970	8.619070	10.674365	0.878621	0.635126	0.006174
2790	8.878447	8.601501	10.482748	0.884725	0.626357	0.006168
2791	8.926592	8.634424	10.411819	0.889038	0.619265	0.006162
2792	8.933609	8.641020	10.514083	0.885844	0.624302	0.006156
2793	8.873655	8.638079	10.112111	0.897766	0.603190	0.006149
2794	8.953650	8.622028	10.470045	0.888123	0.622251	0.006143
2795	8.896581	8.635583	10.628969	0.880697	0.631642	0.006137
2796	8.918392	8.660143	10.279251	0.893412	0.614423	0.006131
2797	8.913797	8.642482	10.548662	0.883931	0.629596	0.006125
2798	8.902014	8.655199	10.564110	0.882975	0.631416	0.006119
2799	8.882199	8.637061	10.524957	0.883484	0.625589	0.006113
2800	8.880514	8.626165	10.440695	0.886210	0.622484	0.006107
2801	8.922491	8.643363	10.632889	0.881551	0.631292	0.006101
2802	8.937546	8.681065	10.588030	0.883565	0.632618	0.006094
2803	8.906246	8.649278	10.353741	0.890238	0.617981	0.006088
2804	8.910133	8.668109	10.534385	0.884257	0.632447	0.006082
2805	8.916894	8.662264	10.040840	0.902547	0.599625	0.006076
2806	8.921854	8.704690	10.812613	0.875997	0.642843	0.006070
2807	8.963062	8.689101	10.419209	0.890259	0.619551	0.006064
2808	8.935775	8.694285	10.455095	0.887919	0.622143	0.006058
2809	8.958968	8.671368	10.531713	0.886251	0.628671	0.006052
2810	8.900604	8.664704	10.114014	0.898885	0.603852	0.006046
2811	8.933550	8.691898	10.068592	0.902181	0.600646	0.006040
2812	8.950714	8.664129	10.823739	0.876709	0.644408	0.006034
2813	8.894975	8.682536	10.190320	0.895711	0.610248	0.006028
2814	8.943977	8.650734	10.350473	0.891907	0.617658	0.006022
2815	8.913466	8.663256	10.741085	0.877848	0.638692	0.006016
2816	8.910509	8.648482	10.440436	0.887410	0.625349	0.006010
2817	8.903225	8.664329	10.524979	0.884298	0.629843	0.006004
2818	8.945931	8.673287	10.453885	0.888367	0.624112	0.005998
2819	8.884055	8.647249	10.435806	0.886515	0.627071	0.005992
2820	8.922306	8.653638	10.743732	0.878092	0.640107	0.005986
2821	8.897792	8.664834	10.212554	0.894999	0.614411	0.005980
2822	8.935338	8.669332	10.361606	0.891154	0.618681	0.005974
2823	8.922370	8.686857	10.179821	0.897298	0.607045	0.005968
2824	8.957650	8.686893	10.288406	0.894735	0.615150	0.005962
2825	8.900037	8.676890	10.174057	0.896545	0.610124	0.005956
2826	8.912290	8.664254	10.680884	0.879659	0.636402	0.005950
2827	8.875598	8.661194	10.260075	0.892314	0.613686	0.005944
2828	8.967125	8.643817	10.330383	0.893595	0.616611	0.005938
2829	8.955376	8.674849	10.566150	0.884969	0.628679	0.005932
2830	8.934468	8.678178	10.337765	0.891968	0.619011	0.005926
2831	8.919944	8.676851	10.176521	0.897319	0.607357	0.005921
2832	8.916144	8.690548	10.177505	0.897115	0.607742	0.005915
2833	8.979806	8.659950	10.394795	0.891805	0.618791	0.005909
2834	8.893605	8.685607	10.500646	0.884725	0.626328	0.005903
2835	8.917018	8.674666	10.436720	0.887797	0.622929	0.005897
2836	8.921770	8.669626	10.154818	0.898234	0.606653	0.005891
2837	8.897817	8.680063	10.007970	0.903015	0.599567	0.005885
2838	8.897307	8.662170	10.661623	0.879700	0.637296	0.005879
2839	8.916463	8.670069	10.768828	0.877116	0.640828	0.005873
2840	8.945297	8.657196	10.507139	0.886536	0.626760	0.005868
2841	8.896772	8.674970	10.328335	0.890747	0.617415	0.005862
2842	8.915519	8.673507	10.520354	0.884928	0.625562	0.005856
2843	8.917632	8.674697	10.249584	0.894470	0.612049	0.005850
2844	8.924180	8.666979	10.537981	0.884684	0.631635	0.005844
2845	8.933543	8.649429	10.434672	0.888529	0.620928	0.005838
2846	8.936040	8.645961	10.203422	0.896993	0.608013	0.005832
2847	8.909508	8.645150	10.289143	0.892680	0.620407	0.005827
2848	8.905832	8.664086	10.564869	0.883097	0.631332	0.005821
2849	8.900640	8.659428	10.578243	0.882467	0.629723	0.005815
2850	8.893981	8.662378	10.147430	0.897298	0.604254	0.005809
2851	8.935658	8.661085	10.119667	0.900228	0.603095	0.005803
2852	8.882822	8.651399	10.231604	0.893656	0.613480	0.005798
2853	8.930545	8.689094	10.547973	0.884603	0.629089	0.005792
2854	8.886859	8.674813	10.641945	0.879924	0.632062	0.005786
2855	8.913991	8.660096	10.352929	0.890584	0.615659	0.005780
2856	8.886925	8.666047	10.560680	0.882507	0.631685	0.005775
2857	8.902499	8.664290	10.403723	0.888346	0.622252	0.005769
2858	8.951977	8.683645	10.252361	0.895833	0.610125	0.005763
2859	8.939752	8.695466	10.301638	0.893494	0.615946	0.005757
2860	8.968860	8.690076	10.163980	0.899963	0.606851	0.005752
2861	8.951171	8.690008	10.348003	0.892293	0.616655	0.005746
2862	8.942137	8.696764	10.536370	0.885437	0.626706	0.005740
2863	8.957588	8.672881	10.462164	0.888550	0.622849	0.005734
2864	8.946805	8.692245	10.148293	0.899597	0.606872	0.005729
2865	8.915246	8.685979	10.341743	0.891032	0.620020	0.005723
2866	8.926291	8.671871	10.475151	0.886861	0.627478	0.005717
2867	8.968595	8.669108	10.270849	0.895854	0.612029	0.005711
2868	8.919054	8.654692	10.599494	0.882487	0.628974	0.005706
2869	8.965294	8.675836	10.587772	0.884644	0.629959	0.005700
2870	8.980566	8.690124	10.751532	0.880005	0.639859	0.005694
2871	8.968082	8.688138	10.466714	0.888814	0.621952	0.005689
2872	8.945126	8.735554	10.333097	0.892578	0.615435	0.005683
2873	8.927875	8.698929	10.224758	0.895833	0.612154	0.005677
2874	8.929484	8.693228	10.163597	0.898234	0.605700	0.005672
2875	8.922928	8.701736	10.471205	0.886861	0.622260	0.005666
2876	8.895169	8.703256	10.300792	0.891663	0.615272	0.005660
2877	8.948998	8.666562	10.694190	0.880615	0.634268	0.005655
2878	8.955029	8.703062	10.390196	0.890951	0.620096	0.005649
2879	8.973817	8.700207	10.685691	0.881816	0.635974	0.005643
2880	8.999316	8.697841	10.570589	0.886536	0.628010	0.005638
2881	8.926927	8.692710	10.150195	0.898641	0.607199	0.005632
2882	8.933911	8.686865	10.463663	0.887553	0.625965	0.005627
2883	8.945899	8.694481	10.416149	0.889669	0.622416	0.005621
2884	8.901425	8.698656	10.419660	0.887756	0.625198	0.005615
2885	8.967636	8.727809	10.286680	0.895223	0.613544	0.005610
2886	8.949463	8.682147	10.429673	0.889343	0.620458	0.005604
2887	8.915279	8.667735	10.265658	0.893778	0.611861	0.005599
2888	8.937471	8.702099	10.265230	0.894735	0.613311	0.005593
2889	8.943664	8.711621	10.341591	0.892212	0.620812	0.005587
2890	8.950083	8.705297	10.401219	0.890361	0.620834	0.005582
2891	8.977979	8.707399	10.354111	0.893188	0.618767	0.005576
2892	8.951166	8.678873	10.519500	0.886353	0.627660	0.005571
2893	8.958606	8.694609	10.419266	0.890076	0.619813	0.005565
2894	8.971002	8.718473	10.542201	0.886373	0.626903	0.005560
2895	8.962611	8.708266	10.502687	0.887370	0.624814	0.005554
2896	8.956600	8.693122	10.395479	0.890828	0.621900	0.005548
2897	8.929682	8.723252	10.711570	0.879354	0.638343	0.005543
2898	8.942773	8.714547	10.631496	0.882365	0.635109	0.005537
2899	8.950745	8.675668	10.500828	0.886963	0.627252	0.005532
2900	8.960953	8.706005	10.252876	0.896200	0.612746	0.005526
2901	8.919366	8.696892	10.526743	0.884867	0.628455	0.005521
2902	8.925503	8.699820	10.448441	0.887736	0.623123	0.005515
2903	8.939452	8.689331	10.417420	0.889364	0.621661	0.005510
2904	8.938215	8.719740	10.733013	0.879008	0.638053	0.005504
2905	8.912292	8.706584	10.540041	0.884155	0.630270	0.005499
2906	8.939460	8.703959	10.169167	0.898458	0.607380	0.005493
2907	8.960553	8.714319	10.302235	0.894348	0.614440	0.005488
2908	8.948942	8.703513	10.153311	0.899495	0.607401	0.005482
2909	8.949140	8.724399	10.491713	0.887207	0.622900	0.005477
2910	8.959318	8.717208	10.593160	0.884237	0.630478	0.005471
2911	8.948827	8.704092	10.709614	0.880127	0.636499	0.005466
2912	8.961906	8.713176	10.322696	0.893656	0.613538	0.005461
2913	8.904452	8.712447	10.615231	0.881429	0.636478	0.005455
2914	8.920108	8.692796	10.177240	0.897298	0.605830	0.005450
2915	8.965126	8.686611	10.301961	0.894552	0.616754	0.005444
2916	8.941998	8.671221	10.889423	0.874451	0.646461	0.005439
2917	8.975326	8.669131	10.199972	0.898844	0.605779	0.005433
2918	8.950522	8.685759	10.279670	0.894755	0.609912	0.005428
2919	8.936904	8.684435	10.297798	0.893514	0.613350	0.005422
2920	8.913469	8.691066	10.400622	0.888896	0.618411	0.005417
2921	8.937569	8.670575	10.529760	0.885478	0.629395	0.005412
2922	8.952245	8.695315	10.464235	0.888265	0.626753	0.005406
2923	8.925282	8.694443	10.186871	0.897156	0.607182	0.005401
2924	8.914720	8.705462	10.664895	0.880249	0.637038	0.005395
2925	8.896359	8.683842	10.334177	0.890523	0.618388	0.005390
2926	8.896836	8.687344	10.301020	0.891724	0.620542	0.005385
2927	8.910475	8.651110	10.570377	0.883097	0.629560	0.005379
2928	8.872495	8.648758	10.202637	0.894287	0.614765	0.005374
2929	8.936345	8.652259	10.176679	0.898031	0.608943	0.005369
2930	8.930085	8.671104	10.183839	0.897481	0.606148	0.005363
2931	8.968422	8.690428	10.527622	0.886759	0.625270	0.005358
2932	8.976402	8.692902	10.368093	0.892619	0.618816	0.005353
2933	8.943721	8.670396	10.561056	0.884684	0.630021	0.005347
2934	9.014134	8.684536	10.204918	0.900370	0.607296	0.005342
2935	8.923727	8.681715	10.213520	0.896077	0.611231	0.005337
2936	8.909887	8.701352	10.497148	0.885478	0.627841	0.005331
2937	8.954107	8.715262	10.455136	0.888652	0.625766	0.005326
2938	8.900012	8.705344	10.455757	0.886475	0.627777	0.005321
2939	8.898841	8.712340	10.799042	0.875570	0.643402	0.005315
2940	8.910979	8.677254	10.374326	0.889709	0.621458	0.005310
2941	8.943351	8.696500	10.396875	0.890238	0.621633	0.005305
2942	8.950660	8.717593	10.456444	0.888468	0.624024	0.005299
2943	8.934644	8.724688	10.161066	0.898560	0.604363	0.005294
2944	8.947468	8.711849	10.625011	0.882751	0.631184	0.005289
2945	8.956014	8.701022	10.312006	0.893799	0.616241	0.005284
2946	8.925331	8.696172	10.079451	0.901367	0.600015	0.005278
2947	8.971270	8.691182	10.530966	0.886759	0.626028	0.005273
2948	8.955086	8.699697	10.434465	0.889404	0.620871	0.005268
2949	8.919685	8.711982	10.377481	0.889954	0.622071	0.005262
2950	8.957821	8.715418	10.528538	0.886312	0.626251	0.005257
2951	8.978505	8.736328	10.387577	0.892008	0.619293	0.005252
2952	8.931855	8.696577	10.442183	0.888204	0.625614	0.005247
2953	8.983357	8.699330	10.366512	0.892965	0.616255	0.005241
2954	8.931988	8.695244	10.329789	0.892151	0.617950	0.005236
2955	8.946464	8.709727	10.748874	0.878825	0.638727	0.005231
2956	8.946125	8.706932	10.257635	0.895386	0.612879	0.005226
2957	8.944606	8.710234	10.415228	0.889648	0.624581	0.005221
2958	8.961913	8.686326	10.376368	0.891724	0.619339	0.005215
2959	8.935504	8.716426	10.309608	0.893026	0.613735	0.005210
2960	8.956852	8.712487	10.643141	0.882528	0.632467	0.005205
2961	8.995644	8.715083	10.604980	0.885254	0.630442	0.005200
2962	8.932067	8.718390	10.116628	0.900187	0.605269	0.005195
2963	8.943824	8.674441	10.469888	0.887736	0.622636	0.005189
2964	8.956362	8.706624	10.470834	0.888204	0.626507	0.005184
2965	8.945730	8.696172	10.454244	0.888346	0.623257	0.005179
2966	8.937819	8.707195	10.523317	0.885701	0.628411	0.005174
2967	8.929942	8.719593	10.244534	0.895182	0.610395	0.005169
2968	8.939986	8.724691	10.242973	0.895671	0.610625	0.005164
2969	8.973078	8.749610	10.295668	0.895121	0.612595	0.005158
2970	8.954214	8.710881	10.417654	0.889954	0.620770	0.005153
2971	8.979205	8.738313	10.389528	0.891968	0.618136	0.005148
2972	8.967198	8.738450	10.464499	0.888855	0.626558	0.005143
2973	8.917023	8.717629	10.032047	0.902913	0.601693	0.005138
2974	8.903578	8.711248	10.481783	0.885742	0.625736	0.005133
2975	8.949934	8.706718	10.281747	0.894653	0.615180	0.005128
2976	8.937350	8.737620	10.637155	0.881978	0.632706	0.005122
2977	8.939100	8.725197	10.498043	0.886597	0.628922	0.005117
2978	8.936581	8.700532	10.062012	0.902588	0.599916	0.005112
2979	9.014175	8.729204	10.610134	0.885803	0.630764	0.005107
2980	8.959813	8.730255	10.257534	0.895976	0.612390	0.005102
2981	8.971263	8.712004	10.266842	0.896118	0.610815	0.005097
2982	8.971261	8.729099	10.424668	0.890401	0.619920	0.005092
2983	8.939232	8.728204	10.347828	0.891805	0.615448	0.005087
2984	8.975836	8.750715	10.387914	0.891886	0.618326	0.005082
2985	8.951302	8.717488	10.364653	0.891703	0.617789	0.005077
2986	8.957093	8.700646	10.369074	0.891785	0.616558	0.005072
2987	8.971553	8.699734	10.463079	0.889079	0.621879	0.005067
2988	8.921338	8.691956	10.256046	0.894389	0.612663	0.005061
2989	9.003604	8.708859	10.590930	0.886027	0.629321	0.005056
2990	8.992830	8.728523	10.453813	0.890259	0.622638	0.005051
2991	8.954901	8.727863	10.865697	0.875610	0.648881	0.005046
2992	8.961852	8.749399	10.380873	0.891561	0.619737	0.005041
2993	8.979095	8.728793	10.453629	0.889709	0.622920	0.005036
2994	9.009063	8.739247	10.473852	0.890218	0.622369	0.005031
2995	8.977839	8.749928	10.655361	0.882935	0.634962	0.005026
2996	8.963217	8.756142	10.375021	0.891825	0.618368	0.005021
2997	8.982564	8.725452	10.339785	0.893901	0.616583	0.005016
2998	8.972727	8.750265	10.314569	0.894409	0.613725	0.005011
2999	8.976805	8.739807	10.410845	0.891113	0.618923	0.005006
